dataset,n_nodes,n_graphs,originally_directed_mean,originally_directed_std,originally_directed_median,originally_directed_min,originally_directed_max,n_nodes_mean,n_nodes_std,n_nodes_median,n_nodes_min,n_nodes_max,n_edges_mean,n_edges_std,n_edges_median,n_edges_min,n_edges_max,density_mean,density_std,density_median,density_min,density_max,avg_degree_mean,avg_degree_std,avg_degree_median,avg_degree_min,avg_degree_max,std_degree_mean,std_degree_std,std_degree_median,std_degree_min,std_degree_max,min_degree_mean,min_degree_std,min_degree_median,min_degree_min,min_degree_max,max_degree_mean,max_degree_std,max_degree_median,max_degree_min,max_degree_max,degree_entropy_bits_mean,degree_entropy_bits_std,degree_entropy_bits_median,degree_entropy_bits_min,degree_entropy_bits_max,avg_clustering_mean,avg_clustering_std,avg_clustering_median,avg_clustering_min,avg_clustering_max,transitivity_mean,transitivity_std,transitivity_median,transitivity_min,transitivity_max,degree_assortativity_mean,degree_assortativity_std,degree_assortativity_median,degree_assortativity_min,degree_assortativity_max,connected_mean,connected_std,connected_median,connected_min,connected_max,n_components_mean,n_components_std,n_components_median,n_components_min,n_components_max,largest_component_fraction_mean,largest_component_fraction_std,largest_component_fraction_median,largest_component_fraction_min,largest_component_fraction_max,diameter_largest_component_mean,diameter_largest_component_std,diameter_largest_component_median,diameter_largest_component_min,diameter_largest_component_max,avg_shortest_path_largest_component_mean,avg_shortest_path_largest_component_std,avg_shortest_path_largest_component_median,avg_shortest_path_largest_component_min,avg_shortest_path_largest_component_max,n_bridges_mean,n_bridges_std,n_bridges_median,n_bridges_min,n_bridges_max,n_articulation_points_mean,n_articulation_points_std,n_articulation_points_median,n_articulation_points_min,n_articulation_points_max,spectral_radius_mean,spectral_radius_std,spectral_radius_median,spectral_radius_min,spectral_radius_max,algebraic_connectivity_mean,algebraic_connectivity_std,algebraic_connectivity_median,algebraic_connectivity_min,algebraic_connectivity_max,log10_unconstrained_search_space_mean,log10_unconstrained_search_space_std,log10_unconstrained_search_space_median,log10_unconstrained_search_space_min,log10_unconstrained_search_space_max,attacker_node_mean,attacker_node_std,attacker_node_median,attacker_node_min,attacker_node_max,attacker_degree_mean,attacker_degree_std,attacker_degree_median,attacker_degree_min,attacker_degree_max,attacker_normalized_degree_mean,attacker_normalized_degree_std,attacker_normalized_degree_median,attacker_normalized_degree_min,attacker_normalized_degree_max,attacker_neighbor_fraction_mean,attacker_neighbor_fraction_std,attacker_neighbor_fraction_median,attacker_neighbor_fraction_min,attacker_neighbor_fraction_max,attacker_avg_neighbor_degree_mean,attacker_avg_neighbor_degree_std,attacker_avg_neighbor_degree_median,attacker_avg_neighbor_degree_min,attacker_avg_neighbor_degree_max,attacker_min_neighbor_degree_mean,attacker_min_neighbor_degree_std,attacker_min_neighbor_degree_median,attacker_min_neighbor_degree_min,attacker_min_neighbor_degree_max,attacker_max_neighbor_degree_mean,attacker_max_neighbor_degree_std,attacker_max_neighbor_degree_median,attacker_max_neighbor_degree_min,attacker_max_neighbor_degree_max,attacker_clustering_mean,attacker_clustering_std,attacker_clustering_median,attacker_clustering_min,attacker_clustering_max,attacker_triangles_mean,attacker_triangles_std,attacker_triangles_median,attacker_triangles_min,attacker_triangles_max,attacker_ego_edges_mean,attacker_ego_edges_std,attacker_ego_edges_median,attacker_ego_edges_min,attacker_ego_edges_max,attacker_ego_density_mean,attacker_ego_density_std,attacker_ego_density_median,attacker_ego_density_min,attacker_ego_density_max,attacker_betweenness_mean,attacker_betweenness_std,attacker_betweenness_median,attacker_betweenness_min,attacker_betweenness_max,attacker_closeness_mean,attacker_closeness_std,attacker_closeness_median,attacker_closeness_min,attacker_closeness_max,attacker_eigenvector_mean,attacker_eigenvector_std,attacker_eigenvector_median,attacker_eigenvector_min,attacker_eigenvector_max,attacker_pagerank_mean,attacker_pagerank_std,attacker_pagerank_median,attacker_pagerank_min,attacker_pagerank_max,attacker_core_number_mean,attacker_core_number_std,attacker_core_number_median,attacker_core_number_min,attacker_core_number_max,attacker_is_articulation_mean,attacker_is_articulation_std,attacker_is_articulation_median,attacker_is_articulation_min,attacker_is_articulation_max,attacker_incident_bridges_mean,attacker_incident_bridges_std,attacker_incident_bridges_median,attacker_incident_bridges_min,attacker_incident_bridges_max,attacker_component_fraction_mean,attacker_component_fraction_std,attacker_component_fraction_median,attacker_component_fraction_min,attacker_component_fraction_max,attacker_mean_distance_mean,attacker_mean_distance_std,attacker_mean_distance_median,attacker_mean_distance_min,attacker_mean_distance_max,attacker_eccentricity_mean,attacker_eccentricity_std,attacker_eccentricity_median,attacker_eccentricity_min,attacker_eccentricity_max,attacker_same_degree_count_mean,attacker_same_degree_count_std,attacker_same_degree_count_median,attacker_same_degree_count_min,attacker_same_degree_count_max,attacker_same_local_signature_count_mean,attacker_same_local_signature_count_std,attacker_same_local_signature_count_median,attacker_same_local_signature_count_min,attacker_same_local_signature_count_max,log10_search_space_after_attacker_edges_mean,log10_search_space_after_attacker_edges_std,log10_search_space_after_attacker_edges_median,log10_search_space_after_attacker_edges_min,log10_search_space_after_attacker_edges_max
Barabasi_Albert,7,100,0.0,0.0,0.0,0.0,0.0,7.0,0.0,7.0,7.0,7.0,10.0,0.0,10.0,10.0,10.0,0.4761904761904761,5.551115123125783e-17,0.47619047619047616,0.47619047619047616,0.47619047619047616,2.857142857142856,1.3322676295501878e-15,2.857142857142857,2.857142857142857,2.857142857142857,1.113336498739,0.267399044012595,1.1248582677159729,0.6388765649999398,1.7261494247992246,1.69,0.46249324319388707,2.0,1.0,2.0,4.88,0.7110555533852472,5.0,4.0,6.0,1.6377969269384505,0.28581094908858845,1.5566567074628228,0.9852281360342515,2.2359263506290326,0.509142857142857,0.17256065350572242,0.5238095238095238,0.0,0.8238095238095238,0.3899941559689685,0.10136653341178559,0.4114420062695925,0.0,0.5454545454545454,-0.4623753275701976,0.1552214742646292,-0.5000000000000006,-0.8051575931232089,-0.014492753623190718,1.0,0.0,1.0,1.0,1.0,1.0,0.0,1.0,1.0,1.0,1.0,0.0,1.0,1.0,1.0,2.63,0.4828043081829324,3.0,2.0,3.0,1.5704761904761904,0.04363318548173456,1.5714285714285714,1.5238095238095237,1.6666666666666667,0.31,0.46249324319388707,0.0,0.0,1.0,0.44,0.4963869458396343,0.0,0.0,1.0,3.1760342376311907,0.12487126717918176,3.1488424958438204,2.9594504621478226,3.460867324783101,1.0857265852411957,0.20976878210910047,1.0132736290607987,0.6823557249157345,1.5857864376269057,5.547425160699824,2.6645352591003757e-15,5.547425160699821,5.547425160699821,5.547425160699821,0.0,0.0,0.0,0.0,0.0,4.45,1.107925990308017,4.5,2.0,6.0,0.7416666666666667,0.18465433171800286,0.75,0.3333333333333333,1.0,0.6357142857142857,0.15827514147257385,0.6428571428571428,0.2857142857142857,0.8571428571428571,2.7341666666666664,0.38842541826656446,2.6,2.25,4.0,1.76,0.6019966777316964,2.0,1.0,4.0,3.93,0.696491205974634,4.0,3.0,5.0,0.2683333333333333,0.09157571245210769,0.3,0.0,0.3333333333333333,2.28,1.2253978945632311,2.0,0.0,4.0,6.73,2.2971939404412507,6.5,2.0,10.0,0.5525714285714285,0.07253092232887673,0.5333333333333333,0.4,0.6666666666666666,0.3758888888888889,0.18427237623142353,0.4,0.02222222222222222,0.6666666666666666,0.8100974025974026,0.12213613244443615,0.8035714285714286,0.5454545454545454,1.0,0.4892887835260594,0.08492261232456816,0.5059580426786001,0.22408693232173665,0.6015009550075456,0.2156887763315499,0.05025463449039541,0.21967884365246249,0.10443392996126964,0.2894750168184071,2.0,0.0,2.0,2.0,2.0,0.44,0.4963869458396343,0.0,0.0,1.0,0.31,0.46249324319388707,0.0,0.0,1.0,1.0,0.0,1.0,1.0,1.0,1.2633333333333332,0.1946221410266,1.25,1.0,1.8333333333333333,1.83,0.4484417464955733,2.0,1.0,3.0,1.66,0.9189124006128112,1.0,1.0,4.0,1.28,0.5844655678480983,1.0,1.0,4.0,3.5429155094219813,0.23760990016685948,3.588479707007159,3.135132651376774,3.808548551240405
Barabasi_Albert,8,100,0.0,0.0,0.0,0.0,0.0,8.0,0.0,8.0,8.0,8.0,12.0,0.0,12.0,12.0,12.0,0.4285714285714286,5.551115123125783e-17,0.42857142857142855,0.42857142857142855,0.42857142857142855,3.0,0.0,3.0,3.0,3.0,1.239129158243101,0.29926397910831937,1.224744871391589,0.7071067811865476,1.8708286933869707,1.68,0.466476151587624,2.0,1.0,2.0,5.29,0.8865100112237876,5.0,4.0,7.0,1.7551929358078289,0.28857112855181394,1.75,1.0,2.25,0.4492321428571428,0.17630858523189938,0.4375,0.0,0.8297619047619048,0.34500421742730253,0.09813528539276913,0.36363636363636365,0.0,0.46875,-0.4275366166377037,0.1769301449097711,-0.43076923076923235,-0.8439716312056734,0.030303030303030196,1.0,0.0,1.0,1.0,1.0,1.0,0.0,1.0,1.0,1.0,1.0,0.0,1.0,1.0,1.0,2.88,0.4308131845707603,3.0,2.0,4.0,1.65,0.055328333517248814,1.6428571428571428,1.5714285714285714,1.8214285714285714,0.32,0.46647615158762396,0.0,0.0,1.0,0.42,0.49355850717012273,0.0,0.0,1.0,3.388392448034075,0.14380397320330054,3.369637583588458,3.154085370467451,3.684980783879652,1.0271235805740782,0.1991874971626177,0.9999999999999999,0.5943806312652935,1.585786437626905,7.483184264445125,2.6645352591003757e-15,7.483184264445128,7.483184264445128,7.483184264445128,0.0,0.0,0.0,0.0,0.0,4.8,1.2409673645990853,5.0,2.0,7.0,0.6857142857142855,0.17728105208558367,0.7142857142857143,0.2857142857142857,1.0,0.6,0.15512092057488566,0.625,0.25,0.875,2.940642857142858,0.4139821349404907,3.0,2.2,4.5,1.79,0.6677574409918621,2.0,1.0,4.0,4.37,0.8204267182387468,4.0,3.0,6.0,0.25585714285714284,0.09443195729107348,0.3,0.0,0.3333333333333333,2.58,1.3797101144805746,3.0,0.0,5.0,7.38,2.568190024122047,8.0,2.0,12.0,0.5298571428571428,0.07714243092180903,0.5333333333333333,0.3333333333333333,0.6666666666666666,0.3463650793650793,0.17064865873083032,0.3333333333333333,0.015873015873015872,0.6904761904761905,0.7691990093240093,0.11816712387146924,0.7777777777777778,0.4375,1.0,0.46938442741088665,0.0876152759548746,0.47725090345697685,0.15716684373082201,0.6009309011837695,0.19338762881437513,0.046856360093255396,0.197811917573444,0.08779746259599627,0.27945098814517366,2.0,0.0,2.0,2.0,2.0,0.42,0.49355850717012273,0.0,0.0,1.0,0.32,0.46647615158762396,0.0,0.0,1.0,1.0,0.0,1.0,1.0,1.0,1.3328571428571425,0.22136404589798797,1.2857142857142858,1.0,2.2857142857142856,1.98,0.4686149805543992,2.0,1.0,4.0,1.69,0.9868637190615531,1.0,1.0,5.0,1.33,0.6009159675029446,1.0,1.0,4.0,5.0538081602222205,0.3422639706451266,5.065505023098389,4.308543071784685,5.547425160699821
Barabasi_Albert,9,100,0.0,0.0,0.0,0.0,0.0,9.0,0.0,9.0,9.0,9.0,14.0,0.0,14.0,14.0,14.0,0.3888888888888888,1.1102230246251565e-16,0.3888888888888889,0.3888888888888889,0.3888888888888889,3.1111111111111103,8.881784197001252e-16,3.111111111111111,3.111111111111111,3.111111111111111,1.4431235442637527,0.29541661971104577,1.4487116456005884,0.7370277311900889,1.9688939051854835,1.6,0.48989794855663565,2.0,1.0,2.0,6.03,0.9844287683728061,6.0,4.0,8.0,1.8593701924568802,0.2939539340248295,1.8365916681089791,1.224394445405986,2.4193819456463714,0.4495608465608466,0.17857447859437198,0.441005291005291,0.0,0.7888888888888889,0.3232888686399696,0.09373732153632043,0.3409090909090909,0.0,0.5,-0.439127586480387,0.1299784265674613,-0.42634420392009553,-0.8725182863113897,-0.09090909090909356,1.0,0.0,1.0,1.0,1.0,1.0,0.0,1.0,1.0,1.0,1.0,0.0,1.0,1.0,1.0,2.91,0.31921779399024736,3.0,2.0,4.0,1.7036111111111114,0.05137837730330714,1.6944444444444444,1.6111111111111112,1.8611111111111112,0.4,0.48989794855663565,0.0,0.0,1.0,0.51,0.4998999899979995,1.0,0.0,1.0,3.6025434571984944,0.1493044723618911,3.61584346114497,3.272445781541535,3.8508857116387905,0.996612688285258,0.19036970954368726,0.9624763793408468,0.5537983819829309,1.4586187348508908,9.57936020461604,1.7763568394002505e-15,9.579360204616043,9.579360204616043,9.579360204616043,0.0,0.0,0.0,0.0,0.0,5.54,1.3595587519485872,6.0,2.0,8.0,0.6925,0.1699448439935734,0.75,0.25,1.0,0.6155555555555555,0.15106208354984302,0.6666666666666666,0.2222222222222222,0.8888888888888888,3.0253809523809525,0.4629024840617804,3.0,2.2,5.0,1.66,0.6036555309114628,2.0,1.0,4.0,4.89,0.8932524839036274,5.0,3.0,7.0,0.23723809523809525,0.07445152435281663,0.23809523809523808,0.0,0.3333333333333333,3.17,1.5751507864328418,3.0,0.0,6.0,8.71,2.8750478256891654,9.0,2.0,14.0,0.48284126984126985,0.07574154944893305,0.47619047619047616,0.3333333333333333,0.6666666666666666,0.3820484693877551,0.16793502520508452,0.3821428571428572,0.011904761904761904,0.7142857142857142,0.7746642246642249,0.1070632286459861,0.8,0.5333333333333333,1.0,0.47434364591127504,0.07940708483054246,0.49315648584721283,0.24417844990891274,0.6022399184545084,0.190324650732721,0.04404102440857942,0.2019756103981022,0.07546757158464786,0.27184341391242633,2.0,0.0,2.0,2.0,2.0,0.51,0.4998999899979995,1.0,0.0,1.0,0.4,0.48989794855663565,0.0,0.0,1.0,1.0,0.0,1.0,1.0,1.0,1.31625,0.1866271349509497,1.25,1.0,1.875,2.0,0.37416573867739417,2.0,1.0,3.0,1.53,0.9214662229295223,1.0,1.0,5.0,1.18,0.5362835071116768,1.0,1.0,5.0,6.59588268264644,0.4714429157666118,6.4924956819919135,5.576041733441991,7.483184264445128
Barabasi_Albert,10,100,0.0,0.0,0.0,0.0,0.0,10.0,0.0,10.0,10.0,10.0,18.5,2.5,18.5,16.0,21.0,0.41111111111111115,0.05555555555555556,0.4111111111111111,0.35555555555555557,0.4666666666666667,3.7,0.5,3.7,3.2,4.2,1.5814520334828088,0.31465769622414974,1.6,0.9797958971132713,2.481934729198171,1.8,0.6928203230275509,2.0,1.0,3.0,6.86,1.0584894897919392,7.0,5.0,9.0,2.0023345543348543,0.30492305998725944,2.003701696057348,0.8812908992306927,2.7219280948873625,0.4721849206349206,0.13896742698030656,0.4685714285714285,0.06,0.7795238095238095,0.3780827822982221,0.10568130867391236,0.3892496392496393,0.07142857142857142,0.5483870967741935,-0.3710571375133169,0.13726927458484575,-0.38480635551142006,-0.7560975609756098,0.0,1.0,0.0,1.0,1.0,1.0,1.0,0.0,1.0,1.0,1.0,1.0,0.0,1.0,1.0,1.0,2.9,0.43588989435406744,3.0,2.0,4.0,1.6675555555555552,0.10899858420192754,1.6444444444444444,1.5333333333333334,1.8666666666666667,0.36,0.48,0.0,0.0,1.0,0.38,0.48538644398046393,0.0,0.0,1.0,4.2282859447048775,0.49005082503882585,4.3222451760705045,3.426912772270933,5.057173190494102,1.1847839398500275,0.3674827121252821,1.0109256203440782,0.6013306804835062,2.09291743028207,12.1937078632346,0.3830544161053542,12.1937078632346,11.810653447129246,12.576762279339954,0.0,0.0,0.0,0.0,0.0,6.27,1.5928276742949943,6.0,2.0,9.0,0.6966666666666665,0.17698085269944377,0.6666666666666666,0.2222222222222222,1.0,0.627,0.15928276742949943,0.6,0.2,0.9,3.666400793650794,0.5697527318111547,3.75,2.5555555555555554,5.5,1.87,0.7956758133813041,2.0,1.0,5.0,5.84,1.0744300814850634,6.0,3.0,8.0,0.28634920634920635,0.0928976305708819,0.3,0.0,0.4,5.28,3.033413918343489,5.0,0.0,12.0,11.55,4.495275297465106,12.0,2.0,21.0,0.49737301587301586,0.07069087270289638,0.5,0.3333333333333333,0.6666666666666666,0.3054672619047618,0.13891588142018285,0.3023148148148148,0.03333333333333333,0.736111111111111,0.7769843759181994,0.11229093016726018,0.75,0.5294117647058824,1.0,0.4421069133377758,0.07724035993892732,0.4532277714235198,0.20932662235251379,0.6055921332689305,0.16448027426839562,0.03886136631877436,0.16368782522592762,0.06626633613985611,0.26771847204435867,2.5,0.5,2.5,2.0,3.0,0.38,0.48538644398046393,0.0,0.0,1.0,0.36,0.48,0.0,0.0,1.0,1.0,0.0,1.0,1.0,1.0,1.3155555555555554,0.20105892508920037,1.3333333333333333,1.0,1.8888888888888888,2.01,0.360416425818802,2.0,1.0,3.0,1.61,0.8111103500757465,1.0,1.0,4.0,1.16,0.39293765408777004,1.0,1.0,3.0,9.008840758782727,0.74307765378805,9.36376040427669,6.921565792466024,9.957853108595794
Barabasi_Albert,11,100,0.0,0.0,0.0,0.0,0.0,11.0,0.0,11.0,11.0,11.0,21.0,3.0,21.0,18.0,24.0,0.3818181818181819,0.054545454545454536,0.38181818181818183,0.32727272727272727,0.43636363636363634,3.8181818181818175,0.5454545454545452,3.8181818181818183,3.272727272727273,4.363636363636363,1.7282879919868481,0.3228936143307211,1.7200807207658637,0.9791208740244551,2.568081253059188,1.81,0.6433506042586732,2.0,1.0,3.0,7.4,1.131370849898476,7.0,5.0,10.0,2.0820593378464984,0.3094668659345773,2.0403733936884962,1.2406705316766884,2.8453509366224368,0.4677337662337663,0.13416537935079825,0.4748917748917749,0.10303030303030303,0.7344877344877344,0.3604994969967181,0.09903183515201851,0.3732142857142857,0.12,0.5346534653465347,-0.3804963210654007,0.13496940392376935,-0.40040290759328423,-0.6931818181818172,-0.014613778705635882,1.0,0.0,1.0,1.0,1.0,1.0,0.0,1.0,1.0,1.0,1.0,0.0,1.0,1.0,1.0,2.95,0.3570714214271425,3.0,2.0,4.0,1.7125454545454548,0.1175984201839126,1.6636363636363636,1.5636363636363637,2.0545454545454547,0.32,0.46647615158762396,0.0,0.0,1.0,0.34,0.4737087712930805,0.0,0.0,1.0,4.422328607873592,0.5491181249732874,4.423035478127764,3.57994555607588,5.359234249162263,1.185783063473068,0.3631775316026644,1.0100890497713677,0.48084103733035055,2.0624588686177514,14.777278044938503,0.6186752272612397,14.777278044938502,14.158602817677263,15.395953272199742,0.0,0.0,0.0,0.0,0.0,6.83,1.5103310895297097,7.0,3.0,10.0,0.6830000000000002,0.15103310895297098,0.7,0.3,1.0,0.6209090909090909,0.13730282632088273,0.6363636363636364,0.2727272727272727,0.9090909090909091,3.7811230158730154,0.6016784290798783,3.9444444444444446,2.5714285714285716,5.333333333333333,1.85,0.698212002188447,2.0,1.0,4.0,6.36,1.1959933110180843,6.0,4.0,9.0,0.27449999999999997,0.08165888828707613,0.2928571428571428,0.047619047619047616,0.4,5.92,3.339700585381869,5.0,1.0,14.0,12.75,4.712483421721503,12.0,4.0,24.0,0.4683982683982684,0.06702323157124027,0.4666666666666667,0.2857142857142857,0.6666666666666666,0.30894841269841267,0.1211926129232211,0.30388888888888893,0.044444444444444446,0.7111111111111111,0.7678505644682115,0.09197051994741547,0.7692307692307693,0.5555555555555556,1.0,0.4410257245963723,0.0649153612995852,0.4360844887160594,0.24082785995863062,0.5853581107599806,0.15715852063696092,0.03091329050607497,0.1567644188295605,0.08190213900162416,0.26184727251679185,2.5,0.5,2.5,2.0,3.0,0.34,0.4737087712930805,0.0,0.0,1.0,0.32,0.46647615158762396,0.0,0.0,1.0,1.0,0.0,1.0,1.0,1.0,1.3210000000000002,0.15766737138672665,1.3,1.0,1.8,2.02,0.24413111231467402,2.0,1.0,3.0,1.48,0.6997142273814362,1.0,1.0,4.0,1.11,0.31288975694324034,1.0,1.0,2.0,11.121973034607265,0.9211479841062513,11.537652175065498,8.333554464492554,12.387098213094996
Barabasi_Albert,12,100,0.0,0.0,0.0,0.0,0.0,12.0,0.0,12.0,12.0,12.0,23.5,3.5,23.5,20.0,27.0,0.3560606060606061,0.053030303030303025,0.3560606060606061,0.30303030303030304,0.4090909090909091,3.916666666666666,0.5833333333333333,3.916666666666667,3.3333333333333335,4.5,1.835615719397888,0.3054385510657607,1.8892937658821087,1.0274023338281628,2.4664414311581235,1.96,0.63118935352238,2.0,1.0,3.0,8.08,1.316662447250623,8.0,5.0,11.0,2.1357990019904105,0.26734471583967545,2.1012274809529554,1.5510981710072647,2.8553885422075336,0.4393261183261184,0.1376030669136658,0.44226190476190474,0.10119047619047618,0.7662037037037037,0.32944868947551165,0.10085756426509128,0.32801992528019924,0.047619047619047616,0.49137931034482757,-0.36553886409867914,0.11235796637687409,-0.3666855888305573,-0.6631726065688328,-0.03761348897535767,1.0,0.0,1.0,1.0,1.0,1.0,0.0,1.0,1.0,1.0,1.0,0.0,1.0,1.0,1.0,3.0,0.4,3.0,2.0,4.0,1.749242424242424,0.12441552981348236,1.7045454545454546,1.5909090909090908,1.9696969696969697,0.22,0.41424630354415964,0.0,0.0,1.0,0.24,0.4270831300812525,0.0,0.0,1.0,4.573695850006216,0.6194213479599202,4.6187289665079065,3.671450113331052,5.431058660987935,1.21625468075595,0.3619957426329029,1.0525386229492253,0.7253120590659563,2.2213364001088927,17.499243100788046,0.8900632209405616,17.499243100788043,16.60917987984748,18.389306321728604,0.0,0.0,0.0,0.0,0.0,7.15,1.996872554771586,7.0,3.0,11.0,0.65,0.18153386861559875,0.6363636363636364,0.2727272727272727,1.0,0.5958333333333333,0.1664060462309655,0.5833333333333334,0.25,0.9166666666666666,3.9780230880230874,0.7342685606843113,4.1,2.6666666666666665,6.5,2.03,0.7135124385741288,2.0,1.0,4.0,6.79,1.4648890742988014,7.0,3.0,10.0,0.26335786435786435,0.09343477634491629,0.2909090909090909,0.0,0.4,6.52,4.231973534888894,5.5,0.0,16.0,13.67,6.0630932699406825,13.0,3.0,27.0,0.4590245310245311,0.07885018446731168,0.4666666666666667,0.28888888888888886,0.6666666666666666,0.2842131565404292,0.14007731908164844,0.27101398601398596,0.02424242424242424,0.606060606060606,0.7473236623799316,0.11225646287613426,0.7333333333333333,0.44,1.0,0.43058055936139716,0.08051370406529348,0.44283245935797433,0.14914106557434006,0.5666560096613772,0.1455093196696323,0.03476143177664801,0.14425815942539483,0.07371676636787873,0.23303515011980247,2.5,0.5,2.5,2.0,3.0,0.24,0.4270831300812525,0.0,0.0,1.0,0.22,0.41424630354415964,0.0,0.0,1.0,1.0,0.0,1.0,1.0,1.0,1.3709090909090909,0.22367331549855407,1.3636363636363635,1.0,2.272727272727273,2.11,0.3973663297261106,2.0,1.0,4.0,1.52,0.8304215796810678,1.0,1.0,5.0,1.21,0.5156549233741495,1.0,1.0,4.0,13.430413861077298,1.1550761682961765,13.834091726163757,10.466105817131357,15.271014535591446
ER,7,100,0.0,0.0,0.0,0.0,0.0,7.0,0.0,7.0,7.0,7.0,8.69,1.8691976888494164,8.5,6.0,13.0,0.4138095238095238,0.08900941375473413,0.40476190476190477,0.2857142857142857,0.6190476190476191,2.482857142857143,0.5340564825284048,2.428571428571429,1.7142857142857142,3.7142857142857144,0.9748681964090327,0.27225318280704663,0.9258200997725514,0.3499271061118826,1.665986255670086,1.28,0.49152822909778027,1.0,1.0,3.0,4.07,0.9407975340103737,4.0,2.0,6.0,1.5852210842608117,0.3165949664074032,1.5566567074628228,0.5916727785823275,2.2359263506290326,0.2955238095238095,0.21603079901358738,0.2857142857142857,0.0,0.819047619047619,0.2922544820662278,0.19138059253356485,0.3157894736842105,0.0,0.6666666666666666,-0.3919094986271368,0.2484072654224629,-0.44877561219390505,-0.7880794701986751,0.3333333333333333,1.0,0.0,1.0,1.0,1.0,1.0,0.0,1.0,1.0,1.0,1.0,0.0,1.0,1.0,1.0,3.33,0.8724104538575865,3.0,2.0,6.0,1.8223809523809524,0.29182784662107225,1.7619047619047619,1.380952380952381,2.6666666666666665,2.05,1.8781639970992947,2.0,0.0,6.0,1.64,1.3230268326832983,1.0,0.0,5.0,2.811361117989772,0.5334546903495235,2.832610543855293,1.8477590650225737,4.023336394168589,0.7668012299866648,0.4456232332445966,0.6715710054233524,0.19806226419516193,2.2242871442637875,5.2853404066631935,0.2531572298758602,5.308543071784685,4.734511804056966,5.547425160699821,0.0,0.0,0.0,0.0,0.0,2.39,1.0853110153315502,2.0,1.0,6.0,0.39833333333333326,0.180885169221925,0.3333333333333333,0.16666666666666666,1.0,0.3414285714285714,0.15504443076164998,0.2857142857142857,0.14285714285714285,0.8571428571428571,3.059166666666666,0.8855800829588103,3.0,1.5,5.0,2.45,1.0037429949942367,2.0,1.0,5.0,3.66,1.1155267813907472,4.0,2.0,6.0,0.261,0.35459068735029625,0.0,0.0,1.0,0.81,1.1721348045340179,0.0,0.0,5.0,3.2,2.1118712081942874,3.0,1.0,10.0,0.7731428571428571,0.18315516388831882,0.6666666666666666,0.38095238095238093,1.0,0.16138888888888886,0.2085952057851359,0.06666666666666667,0.0,0.8666666666666667,0.5707957777516601,0.12851531083452933,0.6,0.3333333333333333,1.0,0.3363774197544207,0.11807127852560952,0.3233909979391778,0.1008877068744227,0.6445965024536155,0.13826302197472617,0.04980893845544388,0.12803600403982976,0.06426402858185738,0.3561609605566386,1.81,0.6433506042586733,2.0,1.0,3.0,0.25,0.4330127018922193,0.0,0.0,1.0,0.62,0.7453858061433689,0.0,0.0,3.0,1.0,0.0,1.0,1.0,1.0,1.8433333333333335,0.42217689815210563,1.6666666666666667,1.0,3.0,2.79,0.7911384202527394,3.0,1.0,5.0,2.72,1.2734205903785283,3.0,1.0,6.0,2.19,1.2057777573002415,2.0,1.0,6.0,3.5940391675923182,0.2793982861426537,3.6994040818153366,2.0211892990699387,3.808548551240405
ER,8,100,0.0,0.0,0.0,0.0,0.0,8.0,0.0,8.0,8.0,8.0,10.62,2.0138520303140446,10.0,7.0,16.0,0.3792857142857142,0.07192328679693016,0.35714285714285715,0.25,0.5714285714285714,2.655,0.5034630075785111,2.5,1.75,4.0,1.0077855003681035,0.2436562850570682,1.0,0.4330127018922193,1.5612494995995996,1.24,0.4270831300812525,1.0,1.0,2.0,4.28,0.8494704232638122,4.0,2.0,6.0,1.7196369775751443,0.34398938557913417,1.811278124459133,0.5435644431995964,2.25,0.2826666666666667,0.19037948214611317,0.2583333333333333,0.0,0.7375,0.2822367365727345,0.16739644488771255,0.2857142857142857,0.0,0.6585365853658537,-0.30139089841356453,0.2205578429253447,-0.30811965811965847,-0.8749999999999997,0.5047619047619035,1.0,0.0,1.0,1.0,1.0,1.0,0.0,1.0,1.0,1.0,1.0,0.0,1.0,1.0,1.0,3.64,0.8428523002282191,4.0,2.0,7.0,1.8942857142857144,0.2748803079041301,1.8571428571428572,1.4285714285714286,3.0,1.69,1.6473918780909416,1.0,0.0,7.0,1.54,1.299384469662463,1.0,0.0,6.0,3.00886268751111,0.520175522272233,2.960106165822126,1.8793852415718164,4.3140204695720366,0.6974335159779557,0.3594135884115618,0.6356419784004205,0.15224093497742616,1.8861989311670604,7.129895730525593,0.3858613565777154,7.118036769169399,6.073366374249938,7.603324118171656,0.0,0.0,0.0,0.0,0.0,2.49,1.0999545445153631,2.0,1.0,6.0,0.3557142857142857,0.15713636350219473,0.2857142857142857,0.14285714285714285,0.8571428571428571,0.31125,0.1374943180644204,0.25,0.125,0.75,3.270666666666666,0.8180604432979807,3.1,1.6666666666666667,5.333333333333333,2.65,0.9526279441628825,3.0,1.0,5.0,3.9,1.02469507659596,4.0,2.0,6.0,0.29366666666666663,0.3740675815351493,0.0,0.0,1.0,0.83,1.0959470790143109,0.0,0.0,4.0,3.32,2.0291870293297265,3.0,1.0,9.0,0.7611428571428572,0.1893307463653867,0.6666666666666666,0.38095238095238093,1.0,0.12785714285714284,0.17265651846543964,0.061507936507936505,0.0,0.7619047619047619,0.544149485447473,0.11055648452119865,0.5384615384615384,0.3181818181818182,0.875,0.319754990772433,0.12375368649175116,0.3225651152210359,0.06435119150055445,0.5934679593407465,0.11861286934847294,0.04354965111722313,0.11069780171139439,0.05113631239807049,0.28752039006947605,1.87,0.5413871073455666,2.0,1.0,3.0,0.14,0.34698703145794946,0.0,0.0,1.0,0.38,0.6289674077406555,0.0,0.0,2.0,1.0,0.0,1.0,1.0,1.0,1.915714285714286,0.3980026663842588,1.8571428571428572,1.1428571428571428,3.142857142857143,3.0,0.8,3.0,2.0,5.0,2.59,1.2891470048058908,2.0,1.0,6.0,2.06,1.111935249913411,2.0,1.0,6.0,5.1723794773363405,0.3855801354942688,5.308543071784685,3.7770641547424297,5.547425160699821
ER,9,100,0.0,0.0,0.0,0.0,0.0,9.0,0.0,9.0,9.0,9.0,13.18,2.451040595339049,13.0,8.0,20.0,0.36611111111111116,0.06808446098164025,0.3611111111111111,0.2222222222222222,0.5555555555555556,2.9288888888888893,0.544675687853122,2.888888888888889,1.7777777777777777,4.444444444444445,1.1238294279722667,0.24438385013384975,1.1547005383792515,0.49690399499995325,1.699673171197595,1.43,0.552358579185659,1.0,1.0,3.0,4.86,1.000199980003999,5.0,3.0,7.0,1.8248529034545589,0.29899588634216584,1.8365916681089791,0.7642045065086203,2.503258334775646,0.2979047619047619,0.17182218382322897,0.2962962962962963,0.0,0.8037037037037037,0.2969453647061434,0.1399839001925993,0.318609022556391,0.0,0.5853658536585366,-0.2500411643344421,0.2310107855295574,-0.2654859218891905,-0.8390804597701149,0.33333333333333376,1.0,0.0,1.0,1.0,1.0,1.0,0.0,1.0,1.0,1.0,1.0,0.0,1.0,1.0,1.0,3.62,0.903105752390051,3.0,2.0,7.0,1.9052777777777776,0.30528005256457086,1.8333333333333333,1.4722222222222223,3.0555555555555554,1.49,1.9467665499489146,1.0,0.0,8.0,1.33,1.456399670420177,1.0,0.0,6.0,3.338638866060732,0.5554237400825923,3.2908222661683446,2.0,4.855688392967857,0.7794095721660738,0.40241461080036683,0.7633170684599666,0.14041878729273385,2.1153460188383626,9.253848081553725,0.590783853216461,9.36376040427669,7.480873803373035,9.957853108595794,0.0,0.0,0.0,0.0,0.0,2.94,1.3101144988129856,3.0,1.0,6.0,0.3675,0.1637643123516232,0.375,0.125,0.75,0.32666666666666666,0.14556827764588726,0.3333333333333333,0.1111111111111111,0.6666666666666666,3.520833333333334,0.8684225002203068,3.4,2.0,7.0,2.63,0.9659710140578753,3.0,1.0,7.0,4.44,1.2191800523302538,4.0,2.0,7.0,0.32199999999999995,0.31844134293286863,0.3333333333333333,0.0,1.0,1.37,1.5978422950967344,1.0,0.0,8.0,4.31,2.7737880236240113,4.0,1.0,14.0,0.7311904761904761,0.17711773375350454,0.6666666666666666,0.4,1.0,0.12264498299319727,0.14298172940067133,0.06398809523809523,0.0,0.6071428571428571,0.5520333042617334,0.11975852099967077,0.5714285714285714,0.2857142857142857,0.8,0.31270112639644215,0.12270724479647756,0.31937372470118475,0.06519171874921947,0.5577176211481796,0.11030800825291882,0.03796219381749988,0.10685923386137157,0.045891771337584195,0.21578504415896926,2.03,0.6237788069500277,2.0,1.0,3.0,0.1,0.3,0.0,0.0,1.0,0.29,0.5708765190476833,0.0,0.0,3.0,1.0,0.0,1.0,1.0,1.0,1.91,0.47205667032677334,1.75,1.25,3.5,2.97,0.8769834662067467,3.0,2.0,6.0,2.72,1.312097557348538,3.0,1.0,7.0,1.92,1.1805083650698964,2.0,1.0,5.0,7.022549983894314,0.5130122598666995,7.118036769169399,5.576041733441991,7.603324118171656
Garr201201,7,27,0.0,0.0,0.0,0.0,0.0,7.0,0.0,7.0,7.0,7.0,6.666666666666667,0.8606629658238705,7.0,6.0,10.0,0.31746031746031744,0.040983950753517635,0.3333333333333333,0.2857142857142857,0.47619047619047616,1.9047619047619047,0.24590370452110585,2.0,1.7142857142857142,2.857142857142857,0.8182543442562203,0.2336058541107923,0.7559289460184544,0.45175395145262565,1.3850513878332367,1.0,0.0,1.0,1.0,1.0,3.3703703703703702,0.6748469317884666,3.0,2.0,5.0,1.4257669809650613,0.2756829585507188,1.4488156357251847,0.863120568566631,1.9502120649147465,0.08994708994708996,0.1427591276532491,0.0,0.0,0.4047619047619047,0.10347122013788682,0.1620128248209733,0.0,0.0,0.42857142857142855,-0.4103814768289568,0.23529321431894643,-0.45833333333333276,-0.8360655737704907,-0.07692307692307777,1.0,0.0,1.0,1.0,1.0,1.0,0.0,1.0,1.0,1.0,1.0,0.0,1.0,1.0,1.0,4.37037037037037,0.823189287810847,4.0,3.0,6.0,2.2098765432098766,0.24904596977924306,2.142857142857143,1.6666666666666667,2.6666666666666665,4.518518518518518,1.5722211316141574,4.0,1.0,6.0,3.185185185185185,0.982703641586785,3.0,1.0,5.0,2.2115650227018353,0.2844260249962871,2.188901059316735,1.8477590650225735,3.1949289870390087,0.34632554989932546,0.13376147022205714,0.2955321857406865,0.19806226419516135,0.7066376619127958,4.932988220829842,0.21442517281994217,5.065505023098389,4.734511804056966,5.547425160699821,0.0,0.0,0.0,0.0,0.0,2.037037037037037,0.9615374063516422,2.0,1.0,5.0,0.3395061728395061,0.16025623439194037,0.3333333333333333,0.16666666666666666,0.8333333333333334,0.291005291005291,0.13736248662166317,0.2857142857142857,0.14285714285714285,0.7142857142857143,2.507407407407407,0.8387396645954611,2.3333333333333335,1.2,4.0,2.111111111111111,1.0657403385139377,2.0,1.0,4.0,2.962962962962963,0.7926272058900998,3.0,2.0,4.0,0.12345679012345678,0.2890049360671512,0.0,0.0,1.0,0.2222222222222222,0.4969039949999533,0.0,0.0,2.0,2.259259259259259,1.2047004420215255,2.0,1.0,5.0,0.7716049382716049,0.20860179319402225,0.6666666666666666,0.3333333333333333,1.0,0.27654320987654324,0.2657104483673717,0.3333333333333333,0.0,0.9333333333333333,0.4983516254414087,0.12987438452528105,0.46153846153846156,0.3,0.8571428571428571,0.37111305513180887,0.15027960193627765,0.3607385624329017,0.09032370312716886,0.6881909602355867,0.15153825822335043,0.06524949809205118,0.1581981552812502,0.07989329349236542,0.39063591295944244,1.3333333333333333,0.4714045207910317,1.0,1.0,2.0,0.5555555555555556,0.4969039949999533,1.0,0.0,1.0,1.3333333333333333,0.9428090415820634,1.0,0.0,5.0,1.0,0.0,1.0,1.0,1.0,2.141975308641975,0.5437707542109936,2.1666666666666665,1.1666666666666667,3.3333333333333335,3.4444444444444446,0.9938079899999065,3.0,2.0,5.0,2.888888888888889,1.3425606637327303,3.0,1.0,5.0,2.6296296296296298,1.1909581622824836,3.0,1.0,5.0,3.2770369331204887,0.4664831995019416,3.4775553321989814,1.1760912590556798,3.808548551240405
Garr201201,8,36,0.0,0.0,0.0,0.0,0.0,8.0,0.0,8.0,8.0,8.0,8.38888888888889,1.231028878120019,8.0,7.0,12.0,0.29960317460317465,0.043965317075714966,0.2857142857142857,0.25,0.42857142857142855,2.0972222222222223,0.30775721953000473,2.0,1.75,3.0,0.9070226131110171,0.270450203620917,0.9171356201681464,0.4330127018922193,1.4142135623730951,1.0555555555555556,0.2290614236454256,1.0,1.0,2.0,3.7222222222222223,0.7307192465536614,4.0,3.0,6.0,1.5143084219370746,0.3315334231129616,1.5,0.8112781244591328,2.1556390622295662,0.10914351851851851,0.1464267669358111,0.0,0.0,0.5333333333333333,0.12139482928367704,0.15198094272234297,0.0,0.0,0.4444444444444444,-0.3649810578843732,0.19605574730728,-0.3968253968253968,-0.7499999999999993,0.06896551724138013,1.0,0.0,1.0,1.0,1.0,1.0,0.0,1.0,1.0,1.0,1.0,0.0,1.0,1.0,1.0,4.5,1.0137937550497031,4.5,3.0,6.0,2.2529761904761902,0.3236667008203881,2.2142857142857144,1.6428571428571428,2.8214285714285716,4.138888888888889,2.0969922611230296,4.0,0.0,7.0,3.111111111111111,1.3494397557212354,3.0,0.0,5.0,2.460334616690086,0.35783425012323533,2.363209367369694,1.949855824363647,3.333484212784974,0.3748086742260614,0.20484312654631054,0.3321761183094474,0.16671700823775643,1.139194146888297,6.583228350690064,0.39612099443831955,6.4924956819919135,6.073366374249938,7.483184264445128,0.0,0.0,0.0,0.0,0.0,2.0,0.8819171036881969,2.0,1.0,4.0,0.2857142857142858,0.12598815766974242,0.2857142857142857,0.14285714285714285,0.5714285714285714,0.25,0.11023963796102461,0.25,0.125,0.5,2.615740740740741,0.9259374999276629,2.5,1.3333333333333333,5.0,2.1666666666666665,1.0408329997330663,2.0,1.0,5.0,3.0833333333333335,1.0374916331657276,3.0,2.0,6.0,0.16666666666666666,0.3535533905932738,0.0,0.0,1.0,0.25,0.4930066485916347,0.0,0.0,2.0,2.25,1.1636866703140785,2.0,1.0,5.0,0.787037037037037,0.21376659964102215,0.75,0.5,1.0,0.16468253968253965,0.18910602691397738,0.05555555555555555,0.0,0.5238095238095237,0.4443361576892054,0.10023762040587016,0.4375,0.2692307692307692,0.7,0.294824333590187,0.13787706580239859,0.2944192000619946,0.0736846191351167,0.5794226406104335,0.12119917241019465,0.044709888076658245,0.11988863350122664,0.05952928584946739,0.23314463094955362,1.4444444444444444,0.4969039949999533,1.0,1.0,2.0,0.3333333333333333,0.4714045207910317,0.0,0.0,1.0,0.9722222222222222,0.8655798028268267,1.0,0.0,3.0,1.0,0.0,1.0,1.0,1.0,2.3730158730158726,0.5617007072768412,2.2857142857142856,1.4285714285714286,3.7142857142857144,3.9444444444444446,0.9984555975339683,4.0,2.0,6.0,3.2222222222222223,1.4740554623801776,3.0,1.0,6.0,2.8055555555555554,1.4106626583994024,3.0,1.0,6.0,4.795176031139245,0.4178928117433903,4.734511804056966,3.7770641547424297,5.468243914652199
Garr201201,9,43,0.0,0.0,0.0,0.0,0.0,9.0,0.0,9.0,9.0,9.0,9.674418604651162,1.1953578861298975,10.0,8.0,13.0,0.268733850129199,0.03320438572583049,0.2777777777777778,0.2222222222222222,0.3611111111111111,2.149870801033592,0.2656350858066439,2.2222222222222223,1.7777777777777777,2.888888888888889,0.9502575000094723,0.2518311982451692,0.9162456945817024,0.4714045207910317,1.6629588385661962,1.0,0.0,1.0,1.0,1.0,3.7906976744186047,0.7642640337281388,4.0,3.0,6.0,1.6716880705218027,0.25837577774387194,1.6577427265048887,0.9864267287308424,2.197159723424149,0.13367786391042202,0.14603535195449427,0.09259259259259259,0.0,0.42592592592592593,0.15252278789873042,0.15193454966750436,0.15789473684210525,0.0,0.4864864864864865,-0.25488593924443725,0.2356335783739784,-0.19999999999999962,-0.7142857142857144,0.16455696202531667,1.0,0.0,1.0,1.0,1.0,1.0,0.0,1.0,1.0,1.0,1.0,0.0,1.0,1.0,1.0,4.813953488372093,1.0174252490338307,5.0,3.0,7.0,2.3753229974160206,0.2974537901695334,2.361111111111111,1.8333333333333333,3.0555555555555554,4.465116279069767,2.0385680930987093,4.0,1.0,8.0,3.5813953488372094,1.3508405331588471,4.0,1.0,6.0,2.557723080913826,0.365616429790724,2.4699052584685064,2.0000000000000004,3.7448260776819238,0.33602788233156816,0.15421050803119526,0.29828037769735005,0.14041878729273377,0.7691667073309271,8.229624352362894,0.4819859982615298,8.405153089434915,7.480873803373035,9.36376040427669,0.0,0.0,0.0,0.0,0.0,2.3255813953488373,1.0937652108190556,2.0,1.0,5.0,0.29069767441860467,0.13672065135238196,0.25,0.125,0.625,0.25839793281653745,0.12152946786878394,0.2222222222222222,0.1111111111111111,0.5555555555555556,2.574031007751938,0.6121751611908864,2.5,1.3333333333333333,4.0,1.9767441860465116,0.82090058580106,2.0,1.0,4.0,3.2325581395348837,0.8582624226626017,3.0,2.0,5.0,0.151937984496124,0.25882883967421505,0.0,0.0,1.0,0.4418604651162791,0.6577737499409745,0.0,0.0,2.0,2.7674418604651163,1.5824210080189767,3.0,1.0,7.0,0.7449612403100775,0.20684459968818877,0.6666666666666666,0.4,1.0,0.21470099667774087,0.20784587549504,0.23214285714285712,0.0,0.6071428571428571,0.4566217673809897,0.1172612562783346,0.4444444444444444,0.25806451612903225,0.7272727272727273,0.32438471476362185,0.155379766936149,0.3577512399397838,0.059910022772596015,0.5377013048829704,0.11849643854379965,0.04515173279791365,0.11675214627436603,0.050852505128970854,0.2003165001407279,1.5348837209302326,0.498781641616912,2.0,1.0,2.0,0.4418604651162791,0.496608290792154,0.0,0.0,1.0,0.9767441860465116,0.7920644821361117,1.0,0.0,3.0,1.0,0.0,1.0,1.0,1.0,2.3459302325581395,0.6292513601115785,2.25,1.375,3.875,3.8372093023255816,1.1191822712107875,4.0,2.0,7.0,2.9302325581395348,1.3363495719589435,3.0,1.0,7.0,2.5813953488372094,1.3848441796241309,2.0,1.0,7.0,6.15583473889155,0.5504675143027239,6.073366374249938,4.992465147808038,7.483184264445128
Garr201201,10,61,0.0,0.0,0.0,0.0,0.0,10.0,0.0,10.0,10.0,10.0,10.967213114754099,1.2276488673343644,11.0,9.0,14.0,0.24371584699453552,0.027281085940763644,0.24444444444444444,0.2,0.3111111111111111,2.1934426229508195,0.24552977346687285,2.2,1.8,2.8,1.0230424767406783,0.249472543179991,1.019803902718557,0.4,1.624807680927192,1.0,0.0,1.0,1.0,1.0,4.114754098360656,0.8511970482457161,4.0,2.0,6.0,1.6943249019978248,0.2705912367516561,1.6854752972273346,0.7219280948873623,2.246439344671016,0.11562841530054645,0.12756018042370887,0.08333333333333333,0.0,0.5666666666666667,0.12574718782589125,0.12957958537050993,0.13636363636363635,0.0,0.48,-0.355482953137888,0.21464625253328984,-0.37254901960784753,-0.8055555555555544,0.21568627450980354,1.0,0.0,1.0,1.0,1.0,1.0,0.0,1.0,1.0,1.0,1.0,0.0,1.0,1.0,1.0,5.098360655737705,1.1409647633642832,5.0,3.0,9.0,2.483788706739527,0.350704462183695,2.4,2.0,3.6666666666666665,4.704918032786885,2.299994741940404,5.0,1.0,9.0,3.721311475409836,1.5590155315368839,4.0,1.0,8.0,2.6427310669552155,0.3261632581326852,2.6326208062402965,1.918985947228995,3.3939617506498037,0.3103261774184164,0.14335481866581676,0.3089903285801335,0.09788696740969312,0.631377130978853,9.95294386080612,0.58093066828314,10.006491539079562,8.947513679120226,11.222381740286911,0.0,0.0,0.0,0.0,0.0,2.19672131147541,1.0684702122492016,2.0,1.0,5.0,0.24408014571948997,0.11871891247213348,0.2222222222222222,0.1111111111111111,0.5555555555555556,0.21967213114754097,0.10684702122492015,0.2,0.1,0.5,3.058196721311475,1.035664666733414,2.75,1.4,5.0,2.5901639344262297,1.2723677319299842,2.0,1.0,5.0,3.5901639344262297,1.0616573677830936,4.0,2.0,6.0,0.11639344262295082,0.2687502582415617,0.0,0.0,1.0,0.22950819672131148,0.4578439358612767,0.0,0.0,2.0,2.4262295081967213,1.2862324751431495,2.0,1.0,6.0,0.7442622950819672,0.219846055716359,0.6666666666666666,0.3333333333333333,1.0,0.20188221007893137,0.23256618760666814,0.125,0.0,0.8055555555555555,0.4332966704131989,0.10065546040520544,0.42857142857142855,0.23684210526315788,0.6923076923076923,0.28924060605447527,0.15576757017634044,0.27072312365587303,0.021561274208824723,0.6608138479981686,0.10100328017661778,0.04520868377266542,0.0901977931118855,0.0430568265337154,0.2564292869652415,1.5245901639344261,0.4993949577615677,2.0,1.0,2.0,0.36065573770491804,0.4801907710123544,0.0,0.0,1.0,0.9508196721311475,0.9822394871439503,1.0,0.0,5.0,1.0,0.0,1.0,1.0,1.0,2.4462659380692173,0.6202714029753374,2.3333333333333335,1.4444444444444444,4.222222222222222,4.081967213114754,1.163588034348548,4.0,2.0,7.0,3.4262295081967213,1.541332363743365,3.0,1.0,8.0,2.9344262295081966,1.658251621823186,3.0,1.0,8.0,7.778968774088634,0.8247695510280878,7.9737893252759235,4.770152160326101,9.36376040427669
Garr201201,11,69,0.0,0.0,0.0,0.0,0.0,11.0,0.0,11.0,11.0,11.0,12.942028985507246,1.6408203848659741,13.0,10.0,17.0,0.23530961791831354,0.029833097906654074,0.23636363636363636,0.18181818181818182,0.3090909090909091,2.3530961791831357,0.2983309790665408,2.3636363636363638,1.8181818181818181,3.090909090909091,1.0276495984997303,0.22453534386731114,0.9875254992000196,0.5749595745760689,1.5534552264213692,1.0434782608695652,0.20393111999232302,1.0,1.0,2.0,4.304347826086956,0.7671582763980317,4.0,3.0,7.0,1.7803306911802197,0.22956585773563185,1.8230679822736608,1.2406705316766884,2.186704345910025,0.13513394817742644,0.11109312607336413,0.13636363636363635,0.0,0.4090909090909091,0.15676085817355065,0.11624564134010128,0.16666666666666666,0.0,0.46153846153846156,-0.24509315281108943,0.21346470531294315,-0.22222222222222227,-0.7105263157894726,0.2571428571428574,1.0,0.0,1.0,1.0,1.0,1.0,0.0,1.0,1.0,1.0,1.0,0.0,1.0,1.0,1.0,5.36231884057971,1.273714350302599,5.0,4.0,8.0,2.528063241106719,0.3812397247204941,2.4727272727272727,1.9636363636363636,3.5636363636363635,4.072463768115942,2.469048050903983,4.0,0.0,10.0,3.4927536231884058,1.938348231571071,3.0,0.0,8.0,2.826502345688011,0.3492353964510369,2.7617356804492195,2.052880840033716,3.5235612126310234,0.319357546515314,0.14949252882116193,0.30278818620050846,0.09869663909465658,0.6877674538896852,12.076097702509166,0.7990596775016703,12.161722179459781,10.466105817131357,13.834091726163757,0.0,0.0,0.0,0.0,0.0,2.2318840579710146,1.0235619468411348,2.0,1.0,5.0,0.22318840579710145,0.10235619468411349,0.2,0.1,0.5,0.2028985507246377,0.0930510860764668,0.18181818181818182,0.09090909090909091,0.45454545454545453,2.917632850241546,1.0851726639625985,2.6666666666666665,1.5,7.0,2.4057971014492754,1.24317080081202,2.0,1.0,7.0,3.4782608695652173,1.246545320594039,3.0,2.0,7.0,0.1178743961352657,0.2674854404901934,0.0,0.0,1.0,0.2898550724637681,0.5672575591530703,0.0,0.0,3.0,2.5217391304347827,1.4306043686090508,2.0,1.0,8.0,0.7318840579710144,0.20354624021008516,0.6666666666666666,0.4,1.0,0.1523081052066559,0.171184780633108,0.10185185185185185,0.0,0.7333333333333334,0.40608355770541454,0.09385276629745454,0.4,0.25,0.625,0.24128790447266904,0.13726632239068237,0.2318064022851824,0.022028116285071196,0.5817313003310831,0.08777498151775809,0.03347708560657613,0.08284432517830795,0.04379013381145115,0.18244872494695136,1.608695652173913,0.5168856376848407,2.0,1.0,3.0,0.3188405797101449,0.4660271069801022,0.0,0.0,1.0,0.782608695652174,0.8141780814601821,1.0,0.0,4.0,1.0,0.0,1.0,1.0,1.0,2.6072463768115943,0.6454565490331406,2.5,1.6,4.0,4.434782608695652,1.24502791854577,4.0,2.0,7.0,3.8260869565217392,1.6590246981164272,4.0,1.0,7.0,3.1449275362318843,1.644272997528445,3.0,1.0,7.0,9.792310264481934,0.853024797317095,10.006491539079562,6.910894287855444,11.222381740286911
Garr201201,12,104,0.0,0.0,0.0,0.0,0.0,12.0,0.0,12.0,12.0,12.0,14.673076923076923,2.2207167402072434,15.0,11.0,21.0,0.22231934731934727,0.03364722333647339,0.22727272727272727,0.16666666666666666,0.3181818181818182,2.4455128205128207,0.37011945670120733,2.5,1.8333333333333333,3.5,1.1213702766830043,0.25001466967063163,1.0736554113200591,0.6871842709362768,1.6832508230603465,1.0288461538461537,0.16737399216855012,1.0,1.0,2.0,4.653846153846154,0.9684367932318593,5.0,3.0,7.0,1.870889485455281,0.2669863420162622,1.8553885422075338,0.9798687566511528,2.4591479170272446,0.14885912698412698,0.114897000460441,0.13888888888888887,0.0,0.4583333333333333,0.16555868760147613,0.11320757431312509,0.16666666666666666,0.0,0.4411764705882353,-0.23323360315909125,0.2256899206725919,-0.23200536836900468,-0.6791044776119394,0.46153846153846084,1.0,0.0,1.0,1.0,1.0,1.0,0.0,1.0,1.0,1.0,1.0,0.0,1.0,1.0,1.0,5.375,1.2183492931011204,5.0,3.0,8.0,2.5597319347319347,0.39324860382819044,2.5,1.893939393939394,3.590909090909091,4.394230769230769,2.8936876566827094,4.0,0.0,11.0,3.5865384615384617,1.9787844798642118,3.0,0.0,8.0,2.9773350886230174,0.44303254467959285,2.988485457247177,2.111990736253066,4.189490593675389,0.3250692365950777,0.1706282382370636,0.28551793992351626,0.090520863153309,0.7444004987581437,14.165469622420805,1.1683201691076743,14.428729529828047,12.031037760363619,16.949718416795147,0.0,0.0,0.0,0.0,0.0,2.2403846153846154,1.0874740696085612,2.0,1.0,6.0,0.20367132867132864,0.09886127905532374,0.18181818181818182,0.09090909090909091,0.5454545454545454,0.18669871794871795,0.09062283913404677,0.16666666666666666,0.08333333333333333,0.5,3.0309294871794874,0.8397363567656793,3.0,1.3333333333333333,5.0,2.355769230769231,1.0087908721180217,2.0,1.0,5.0,3.798076923076923,1.1959853331708392,4.0,2.0,6.0,0.08076923076923077,0.2042127006026865,0.0,0.0,1.0,0.3269230769230769,0.8138501526730318,0.0,0.0,4.0,2.5673076923076925,1.7418183639569744,2.0,1.0,10.0,0.7255036630036631,0.19834470928202347,0.6666666666666666,0.4,1.0,0.1265588578088578,0.13997639735771358,0.08333333333333333,0.0,0.5454545454545454,0.4010408562566543,0.08851297592922196,0.39285714285714285,0.23404255319148937,0.6470588235294118,0.22655966382079612,0.12756893359340146,0.20663616246039712,0.020289939610304654,0.5253429169735964,0.07760533705443043,0.02802599337989002,0.07735024070971391,0.03589854154319484,0.16414992480734536,1.625,0.5579409260155388,2.0,1.0,3.0,0.25961538461538464,0.4384235813529999,0.0,0.0,1.0,0.7019230769230769,0.7706117411649668,1.0,0.0,3.0,1.0,0.0,1.0,1.0,1.0,2.6171328671328666,0.5811011037985003,2.5454545454545454,1.5454545454545454,4.2727272727272725,4.413461538461538,1.0616621304774607,4.0,2.0,7.0,3.6153846153846154,1.576923076923077,4.0,1.0,9.0,2.9615384615384617,1.6286088738261637,3.0,1.0,7.0,11.775551471268132,1.0834031210892316,12.161722179459781,9.08549263695339,14.158602817677263
Garr201201,13,160,0.0,0.0,0.0,0.0,0.0,13.0,0.0,13.0,13.0,13.0,16.5875,2.385863313352213,16.0,12.0,23.0,0.21266025641025638,0.03058799119682324,0.20512820512820512,0.15384615384615385,0.2948717948717949,2.551923076923077,0.3670558943618789,2.4615384615384617,1.8461538461538463,3.5384615384615383,1.1708378423482617,0.23076215669119218,1.1512791959304434,0.6056929133855239,1.8170787401565716,1.025,0.15612494995995996,1.0,1.0,2.0,4.875,0.9470348462437905,5.0,3.0,7.0,1.962943113688043,0.22951520313845228,1.9877733714879842,1.2957378005380122,2.5654483718208256,0.13938186813186812,0.09931687455260851,0.1282051282051282,0.0,0.4520146520146521,0.15533157929046632,0.09162771646525014,0.15789473684210525,0.0,0.34285714285714286,-0.21549325411774625,0.18377935984907293,-0.2047849868813098,-0.7298937784522004,0.23287671232876692,1.0,0.0,1.0,1.0,1.0,1.0,0.0,1.0,1.0,1.0,1.0,0.0,1.0,1.0,1.0,5.2875,1.057044819295757,5.0,3.0,9.0,2.5463942307692307,0.34702487714558156,2.4935897435897436,1.9615384615384615,3.769230769230769,4.1,2.636759374687042,4.0,0.0,12.0,3.4125,1.7902077393420015,3.0,0.0,8.0,3.1138871568228623,0.42199563105543797,3.107384581973923,2.1487559875808055,4.244915713410814,0.3358812497885167,0.1686893630104097,0.30089961234177987,0.0814019035828984,0.9106400507755794,16.4778096344939,1.3133531942499967,16.2354946765387,13.637799490613178,19.537835504643017,0.0,0.0,0.0,0.0,0.0,2.55,1.2083045973594573,2.0,1.0,6.0,0.2125,0.10069204977995476,0.16666666666666666,0.08333333333333333,0.5,0.19615384615384615,0.09294650748918902,0.15384615384615385,0.07692307692307693,0.46153846153846156,3.1644791666666667,0.8842902086855216,3.0,1.5,6.0,2.40625,1.1418016191528193,2.0,1.0,6.0,3.9625,1.122984305322207,4.0,2.0,7.0,0.1375,0.26966414296305696,0.0,0.0,1.0,0.40625,0.7008644216251814,0.0,0.0,3.0,2.95625,1.6783432120695696,3.0,1.0,9.0,0.6935119047619048,0.2115007434599864,0.6666666666666666,0.2857142857142857,1.0,0.147271148989899,0.16664620153105714,0.10101010101010101,0.0,0.7121212121212122,0.4139084582253509,0.09441119828803861,0.41379310344827586,0.2033898305084746,0.631578947368421,0.23883728314450942,0.1335948857307479,0.22835089375218465,0.006574102277370168,0.5777529275856711,0.07801433286873559,0.031320354935352,0.07224873165923942,0.0326331835300219,0.1863441687681858,1.69375,0.47430047174760437,2.0,1.0,3.0,0.3,0.45825756949558405,0.0,0.0,1.0,0.68125,0.8013416484246902,0.5,0.0,3.0,1.0,0.0,1.0,1.0,1.0,2.55625,0.6423663663448695,2.4166666666666665,1.5833333333333333,4.916666666666667,4.2875,1.1422975750652715,4.0,2.0,9.0,3.61875,1.6041815475500272,3.0,1.0,7.0,2.775,1.5286840746210448,2.0,1.0,7.0,13.79568334868073,1.3620249737503982,13.888817445248913,9.75918207871954,16.60917987984748
medium_ER_25,10,100,0.0,0.0,0.0,0.0,0.0,10.0,0.0,10.0,10.0,10.0,24.92,3.208364069116845,25.0,17.0,32.0,0.5537777777777777,0.07129697931370768,0.5555555555555556,0.37777777777777777,0.7111111111111111,4.984,0.6416728138233692,5.0,3.4,6.4,1.2571614050836395,0.2820375889276625,1.22449979983984,0.6324555320336759,1.8867962264113207,2.93,0.9925220400575495,3.0,1.0,5.0,6.99,0.9219002115196634,7.0,4.0,9.0,1.9820831602967084,0.2806409605447414,1.9709505944546686,1.3567796494470397,2.521928094887362,0.5378071428571429,0.11443411642134432,0.5354761904761904,0.27666666666666667,0.7769047619047619,0.5186343377642095,0.10067185293722368,0.5155272026961965,0.22641509433962265,0.7049180327868853,-0.2199106043451173,0.1315990734854815,-0.2196488478248953,-0.6160130718954205,0.16666666666666702,1.0,0.0,1.0,1.0,1.0,1.0,0.0,1.0,1.0,1.0,1.0,0.0,1.0,1.0,1.0,2.42,0.49355850717012273,2.0,2.0,3.0,1.4677777777777776,0.09626993941292318,1.4666666666666666,1.288888888888889,1.7555555555555555,0.08,0.2712931993250107,0.0,0.0,1.0,0.08,0.2712931993250107,0.0,0.0,1.0,5.280415051903137,0.6154641312893767,5.218544163557767,3.565745198237387,6.6692467106538365,2.257178510308673,0.7975440188900721,2.291164455134766,0.8547685988632088,4.125707841490746,12.30944779966205,0.44313572805898915,12.50104156540183,10.86335979764525,12.614550840229354,0.0,0.0,0.0,0.0,0.0,4.99,1.4387147041717478,5.0,2.0,8.0,0.5544444444444444,0.15985718935241644,0.5555555555555556,0.2222222222222222,0.8888888888888888,0.4989999999999999,0.14387147041717477,0.5,0.2,0.8,5.383000000000001,0.82764074509889,5.4,3.25,7.333333333333333,3.95,1.1079259903080168,4.0,1.0,7.0,6.74,1.0547037498748169,7.0,4.0,9.0,0.5405238095238094,0.22030513265451376,0.5119047619047619,0.0,1.0,5.74,3.989034971017426,5.0,0.0,20.0,10.73,5.279876892504218,10.0,2.0,28.0,0.6980238095238094,0.13834175656676231,0.7,0.4642857142857143,1.0,0.06379223785473787,0.06537935305320883,0.04745370370370369,0.0,0.38425925925925924,0.6936004784688996,0.08941077043769222,0.6923076923076923,0.45,0.9,0.30779987079846693,0.0755096670466971,0.31573063609308605,0.09387590666117875,0.4858824288601491,0.10073406071614169,0.024916853515857016,0.10011734260258709,0.046274186113484106,0.18815904150544432,3.69,0.702780193232564,4.0,2.0,5.0,0.02,0.13999999999999999,0.0,0.0,1.0,0.02,0.13999999999999999,0.0,0.0,1.0,1.0,0.0,1.0,1.0,1.0,1.4666666666666668,0.19751543149590198,1.4444444444444444,1.1111111111111112,2.2222222222222223,2.12,0.32496153618543844,2.0,2.0,3.0,2.82,1.4027116596079183,3.0,1.0,7.0,1.55,0.779422863405995,1.0,1.0,5.0,9.648324323140942,0.41365928199725155,9.74569162638257,7.480873803373037,9.957853108595794
medium_ER_25,11,100,0.0,0.0,0.0,0.0,0.0,11.0,0.0,11.0,11.0,11.0,24.76,3.728592227637664,24.5,18.0,35.0,0.4501818181818182,0.06779258595704843,0.44545454545454544,0.32727272727272727,0.6363636363636364,4.501818181818183,0.6779258595704843,4.454545454545455,3.272727272727273,6.363636363636363,1.355051589586987,0.27248561925040365,1.3545149477955765,0.77138921583987,2.10076727423479,2.32,0.9579144011862438,2.0,1.0,4.0,6.75,0.9205976319760985,7.0,5.0,9.0,2.0930623513196753,0.280333087259337,2.1180782093497093,1.3092966682370037,2.59490661824394,0.42613924963924965,0.11512851628279998,0.4329004329004329,0.0787878787878788,0.7064213564213564,0.4188951514198955,0.09361929732802678,0.42857142857142855,0.13043478260869565,0.66,-0.19188202631692802,0.12249721736800494,-0.2139480524011367,-0.46094609460946345,0.20000000000000043,1.0,0.0,1.0,1.0,1.0,1.0,0.0,1.0,1.0,1.0,1.0,0.0,1.0,1.0,1.0,2.98,0.5287721626560914,3.0,2.0,4.0,1.624909090909091,0.12929957527110927,1.6,1.3636363636363635,1.9454545454545455,0.27,0.5450688029964658,0.0,0.0,2.0,0.26,0.5219195340279955,0.0,0.0,2.0,4.90301651793672,0.6247106365567967,4.852508766414468,3.557854180201911,6.6511679789976865,1.6326128446234527,0.7110473045609461,1.5856431156512185,0.5900937382642187,3.672254657853771,15.251044731447259,0.3610675514041065,15.395953272199742,14.158602817677263,15.58255709785079,0.0,0.0,0.0,0.0,0.0,4.43,1.3509626197641442,4.5,2.0,8.0,0.44299999999999995,0.13509626197641442,0.45,0.2,0.8,0.4027272727272727,0.12281478361492221,0.40909090909090906,0.18181818181818182,0.7272727272727273,4.951452380952381,0.903107001229054,5.0,3.0,7.2,3.5,1.0723805294763609,4.0,1.0,6.0,6.35,1.2114041439585717,7.0,3.0,9.0,0.40833333333333327,0.22397195220417593,0.4,0.0,1.0,3.65,2.776238462380348,3.0,0.0,13.0,8.08,3.9816579461324904,7.0,2.0,20.0,0.6483333333333334,0.12212289821148897,0.6666666666666666,0.42857142857142855,1.0,0.06877559724226391,0.07047011953371925,0.045740740740740735,0.0,0.3881481481481482,0.6243936170692801,0.07823302600190409,0.625,0.43478260869565216,0.8333333333333334,0.2816113795908153,0.07977056243985352,0.286381262409134,0.08785931708756602,0.4421742541784546,0.0901297984964107,0.022760139079515913,0.08828539059350285,0.052036320716399104,0.15451379389861533,3.29,0.7112664760833313,3.0,2.0,5.0,0.03,0.1705872210923198,0.0,0.0,1.0,0.03,0.1705872210923198,0.0,0.0,1.0,1.0,0.0,1.0,1.0,1.0,1.6280000000000001,0.21404672387121465,1.6,1.2,2.3,2.45,0.49749371855331,2.0,2.0,3.0,2.92,1.3977124167724917,3.0,1.0,7.0,1.55,0.7664854858377946,1.0,1.0,5.0,12.305202189309485,0.36395244540940175,12.387098213094996,10.86335979764525,12.614550840229354
medium_ER_25,12,100,0.0,0.0,0.0,0.0,0.0,12.0,0.0,12.0,12.0,12.0,25.54,4.072885954700917,25.5,16.0,37.0,0.3869696969696971,0.06171039325304419,0.38636363636363635,0.24242424242424243,0.5606060606060606,4.256666666666667,0.6788143257834862,4.25,2.6666666666666665,6.166666666666667,1.4104106520387896,0.2956492166101288,1.4043582955293932,0.7453559924999299,2.0138409955990957,1.97,0.7931582439841371,2.0,1.0,4.0,6.74,1.0355674772799695,7.0,4.0,9.0,2.1854049168835963,0.2849751934387254,2.188721875540867,1.4591479170272446,2.688721875540867,0.37801322751322736,0.10174977118403772,0.3885912698412698,0.125,0.6468253968253969,0.3706344935281119,0.08861113893135204,0.36666922016240233,0.15789473684210525,0.5801886792452831,-0.16309829389493796,0.1542724177177473,-0.1571034782256673,-0.5618619844834629,0.1794871794871795,1.0,0.0,1.0,1.0,1.0,1.0,0.0,1.0,1.0,1.0,1.0,0.0,1.0,1.0,1.0,3.26,0.6873136110975833,3.0,2.0,6.0,1.7530303030303032,0.18342096578282766,1.7272727272727273,1.4545454545454546,2.4242424242424243,0.46,0.817557337438788,0.0,0.0,4.0,0.48,0.854166260162505,0.0,0.0,4.0,4.7297305967129315,0.6438871436707725,4.717216661695149,3.011278513975605,6.636776721410753,1.2770090477524674,0.5802914808409412,1.2738046815121113,0.28754491464226184,2.9778968665066965,17.902969414315073,0.85700684790817,18.119704840185186,14.932179723270043,18.858502815605835,0.0,0.0,0.0,0.0,0.0,4.24,1.6255460620972881,4.0,1.0,9.0,0.3854545454545455,0.1477769147361171,0.36363636363636365,0.09090909090909091,0.8181818181818182,0.3533333333333333,0.1354621718414407,0.3333333333333333,0.08333333333333333,0.75,4.78931746031746,0.8673828181009873,4.9,2.5,6.833333333333333,3.5,1.03440804327886,3.0,2.0,5.0,6.12,1.3212115651930996,6.0,3.0,9.0,0.3307857142857143,0.23728654448790673,0.3333333333333333,0.0,1.0,3.04,3.0460466181593477,2.0,0.0,16.0,7.28,4.501288704360119,6.0,1.0,24.0,0.6294761904761904,0.1428530872440193,0.6,0.38095238095238093,1.0,0.07614027941755214,0.0740318150901765,0.057424242424242426,0.0,0.3818181818181818,0.5869163046039949,0.09337960445766322,0.5789473684210527,0.3235294117647059,0.8461538461538461,0.2723927828017468,0.09899536704478883,0.2768209506201927,0.04162888200492248,0.4837385080784645,0.08295234036329516,0.024976013678895802,0.08564406534615371,0.0323306784268079,0.13362304990863275,2.92,0.7166589146867567,3.0,1.0,4.0,0.01,0.09949874371066199,0.0,0.0,1.0,0.04,0.19595917942265426,0.0,0.0,1.0,1.0,0.0,1.0,1.0,1.0,1.7518181818181815,0.31197981498596616,1.7272727272727273,1.1818181818181819,3.090909090909091,2.67,0.6173329733620261,3.0,2.0,5.0,2.94,1.5863164879682743,3.0,1.0,8.0,1.64,0.7552483035399683,1.0,1.0,4.0,14.75638943062119,0.8143758738693571,14.925172195511099,11.642197076187038,15.58255709785079
peertube_follow,8,39,0.0,0.0,0.0,0.0,0.0,8.0,0.0,8.0,8.0,8.0,14.564102564102564,4.556172886765381,14.0,7.0,26.0,0.5201465201465201,0.16272046024162076,0.5,0.25,0.9285714285714286,3.641025641025641,1.1390432216913453,3.5,1.75,6.5,1.6503921760507905,0.2840648600540314,1.7320508075688772,0.7071067811865476,2.0615528128088303,1.7692307692307692,0.9990133199373412,1.0,1.0,5.0,6.769230769230769,0.5292248061679563,7.0,5.0,7.0,1.8968966461962633,0.4513496458603507,1.811278124459133,0.5435644431995964,2.5,0.6272283272283273,0.22211774692094446,0.6952380952380952,0.0,0.9404761904761905,0.5098089211588918,0.22209384118981687,0.6,0.0,0.9310344827586207,-0.5978480502414383,0.13494500373275106,-0.5978260869565224,-1.0,-0.3220338983050855,1.0,0.0,1.0,1.0,1.0,1.0,0.0,1.0,1.0,1.0,1.0,0.0,1.0,1.0,1.0,2.1538461538461537,0.36080121229411,2.0,2.0,3.0,1.499084249084249,0.1914729835254707,1.5,1.0714285714285714,1.8928571428571428,1.3846153846153846,1.8482893631733432,1.0,0.0,7.0,0.5897435897435898,0.6291202126351435,1.0,0.0,2.0,4.187755277703848,0.9766649989289818,4.185901980535346,2.6457513110645903,6.560525324350849,1.5886517990164646,0.9495271660271399,1.0000000000000007,0.4524933868350225,5.0,6.936967031295355,0.9143034051700409,7.331916589114478,2.5774917998372184,7.603324118171656,0.0,0.0,0.0,0.0,0.0,3.8461538461538463,1.941958587565281,3.0,1.0,7.0,0.5494505494505493,0.27742265536646865,0.42857142857142855,0.14285714285714285,1.0,0.4807692307692308,0.24274482344566012,0.375,0.125,0.875,4.918498168498169,1.7095636413794384,5.285714285714286,1.5,7.0,3.871794871794872,1.8970893654455296,4.0,1.0,7.0,6.205128205128205,1.6041530584222619,7.0,2.0,7.0,0.6896214896214896,0.36793047946203106,0.9047619047619048,0.0,1.0,3.923076923076923,4.56511080767932,3.0,0.0,19.0,7.769230769230769,6.107840855908456,6.0,1.0,26.0,0.8253968253968254,0.2300252233729898,1.0,0.3333333333333333,1.0,0.14556369556369553,0.27722444556510445,0.0,0.0,0.9047619047619047,0.716187018110095,0.157011948393722,0.6363636363636364,0.5384615384615384,1.0,0.3582184417385896,0.1412086322314959,0.31093876259013653,0.16683844755549407,0.6588986769856986,0.14165089921096843,0.08279651538907865,0.11036113788185077,0.06521679443505825,0.35025278708632807,2.641025641025641,0.9996712148522013,2.0,1.0,6.0,0.1282051282051282,0.3343180720616743,0.0,0.0,1.0,0.46153846153846156,1.1287877283618022,0.0,0.0,4.0,1.0,0.0,1.0,1.0,1.0,1.457875457875458,0.2842075419966421,1.5714285714285714,1.0,1.8571428571428572,1.8717948717948718,0.4037952755903493,2.0,1.0,3.0,2.3333333333333335,1.5247249997249748,2.0,1.0,7.0,2.1538461538461537,1.5112986695683464,2.0,1.0,7.0,4.689991049480207,0.9518946363041124,5.065505023098389,2.3222192947339177,5.547425160699821
peertube_follow,9,37,0.0,0.0,0.0,0.0,0.0,9.0,0.0,9.0,9.0,9.0,19.0,6.5429970816752485,17.0,8.0,32.0,0.5277777777777778,0.18174991893542355,0.4722222222222222,0.2222222222222222,0.8888888888888888,4.222222222222222,1.4539993514833884,3.7777777777777777,1.7777777777777777,7.111111111111111,1.8533898698866615,0.31803908523592894,1.9436506316151,1.0999438818457405,2.2166597048066667,1.945945945945946,1.1842649892003592,1.0,1.0,5.0,7.783783783783784,0.5758723176395275,8.0,6.0,8.0,1.9707455363286863,0.3099735624110846,1.974937501201927,0.9864267287308424,2.5032583347756456,0.6711997711997713,0.2198556353122258,0.746031746031746,0.0,0.9153439153439152,0.5628552718379394,0.20960573956193795,0.5714285714285714,0.0,0.8955223880597015,-0.546399041945364,0.13537582237002244,-0.5510204081632677,-0.7868020304568528,-0.2919896640826882,1.0,0.0,1.0,1.0,1.0,1.0,0.0,1.0,1.0,1.0,1.0,0.0,1.0,1.0,1.0,2.1621621621621623,0.49393694277019096,2.0,2.0,4.0,1.5067567567567568,0.24873767102621608,1.5277777777777777,1.1111111111111112,2.138888888888889,1.4594594594594594,1.9809169947901293,1.0,0.0,8.0,0.6756756756756757,0.8071991634090854,1.0,0.0,3.0,4.862890431246178,1.237539271961172,4.509266261037505,2.5395845610617456,7.240852293406547,1.7360540307956378,1.1617657754329984,1.0000000000000022,0.26503401953718586,5.000000000000002,8.867443233625725,1.3080782966020406,9.36376040427669,4.770152160326103,9.957853108595794,0.0,0.0,0.0,0.0,0.0,4.45945945945946,2.3085574598986622,4.0,1.0,8.0,0.5574324324324325,0.2885696824873328,0.5,0.125,1.0,0.4954954954954954,0.2565063844331847,0.4444444444444444,0.1111111111111111,0.8888888888888888,5.523616473616474,1.8379053771265517,5.5,1.3333333333333333,8.0,3.891891891891892,2.1658751902323425,4.0,1.0,8.0,7.351351351351352,1.5106149851332022,8.0,2.0,8.0,0.6119047619047618,0.38558397468274586,0.7333333333333333,0.0,1.0,6.324324324324325,5.968629948520959,6.0,0.0,24.0,10.783783783783784,8.007210045328355,10.0,1.0,32.0,0.8283998283998284,0.1981982655196827,0.9,0.2857142857142857,1.0,0.1151061776061776,0.20258919520166724,0.008928571428571428,0.0,0.8928571428571428,0.717195906669591,0.16985446731398124,0.6666666666666666,0.42105263157894735,1.0,0.3197450567481279,0.12551204157000814,0.3218749929086613,0.07388204314172057,0.6738873386790493,0.12184048937135397,0.06246732359529615,0.10493831415386631,0.04238897913082242,0.3497852075169525,3.108108108108108,1.3312011195702436,3.0,1.0,6.0,0.1891891891891892,0.3916588309780929,0.0,0.0,1.0,0.5675675675675675,1.151744635279055,0.0,0.0,6.0,1.0,0.0,1.0,1.0,1.0,1.472972972972973,0.3440310707594856,1.5,1.0,2.375,1.864864864864865,0.47432239931849307,2.0,1.0,3.0,2.189189189189189,1.1587000600122173,2.0,1.0,5.0,2.027027027027027,1.1267385721986936,2.0,1.0,5.0,6.465355766171548,1.6568015298479484,7.118036769169399,2.5774917998372175,7.603324118171656
peertube_follow,10,22,0.0,0.0,0.0,0.0,0.0,10.0,0.0,10.0,10.0,10.0,29.772727272727273,7.397369422988505,31.0,16.0,44.0,0.6616161616161615,0.16438598717752234,0.6888888888888889,0.35555555555555557,0.9777777777777777,5.954545454545454,1.4794738845977011,6.2,3.2,8.8,1.9937429730493852,0.553901741497876,2.181742422927143,0.39999999999999997,2.6907248094147422,2.409090909090909,1.8987816885641289,2.0,1.0,8.0,9.0,0.0,9.0,9.0,9.0,2.1545049697201852,0.42562110339150877,2.3464393446710154,0.7219280948873623,2.5219280948873624,0.8148556998556997,0.08548579867900365,0.7896031746031746,0.6261111111111111,0.9777777777777779,0.7370640208140845,0.16737743961782225,0.827027027027027,0.375,0.9767441860465116,-0.44958773734241214,0.15646072962969382,-0.38090909090909575,-0.7640575798470535,-0.22222222222216317,1.0,0.0,1.0,1.0,1.0,1.0,0.0,1.0,1.0,1.0,1.0,0.0,1.0,1.0,1.0,2.0,0.0,2.0,2.0,2.0,1.338383838383838,0.16438598717752237,1.3111111111111111,1.0222222222222221,1.6444444444444444,0.5454545454545454,0.655554777357089,0.0,0.0,2.0,0.45454545454545453,0.49792959773196915,0.0,0.0,1.0,6.571773865416199,1.194385620054636,6.880433695363925,4.246445568482842,8.815072906367325,2.349159163039268,1.8447240766079656,1.8299076663332778,0.9999999999999993,7.999999999999998,10.361433656802491,2.7443438036175882,11.222381740286913,1.6532125137753426,12.614550840229354,0.0,0.0,0.0,0.0,0.0,5.863636363636363,2.833171280408622,6.0,1.0,9.0,0.6515151515151515,0.31479680893429135,0.6666666666666667,0.1111111111111111,1.0,0.5863636363636364,0.28331712804086223,0.6,0.1,0.9,7.289069264069264,1.4363980864502224,7.708333333333334,5.0,9.0,5.090909090909091,2.8269657828120387,5.5,1.0,9.0,8.863636363636363,0.3431742925123068,9.0,8.0,9.0,0.7451298701298701,0.29999993276056736,0.8095238095238095,0.0,1.0,13.045454545454545,9.772304430598625,11.5,0.0,35.0,18.90909090909091,12.438609579228011,17.5,1.0,44.0,0.870995670995671,0.15225251758695174,0.9888888888888889,0.6,1.0,0.07221170033670032,0.10575335881683977,0.001736111111111111,0.0,0.3333333333333333,0.782742024018762,0.17852064020277245,0.7552447552447552,0.5294117647058824,1.0,0.2871527259870639,0.10113644718426261,0.3086719147298258,0.11846675077090306,0.410595615651392,0.0990909431160323,0.04130208202346896,0.09223851174828848,0.03932474349280863,0.16809776858373246,4.454545454545454,1.7510327531143837,5.0,1.0,8.0,0.13636363636363635,0.3431742925123068,0.0,0.0,1.0,0.22727272727272727,0.4190702026042222,0.0,0.0,1.0,1.0,0.0,1.0,1.0,1.0,1.3484848484848486,0.31479680893429135,1.3333333333333335,1.0,1.8888888888888888,1.6818181818181819,0.46577048936179993,2.0,1.0,2.0,2.1818181818181817,1.7224813928633107,2.0,1.0,8.0,2.0454545454545454,1.7445310056723171,1.5,1.0,8.0,7.837502331858425,2.901764758639308,9.579360204616044,1.5563025007672866,9.957853108595794
peertube_follow,11,27,0.0,0.0,0.0,0.0,0.0,11.0,0.0,11.0,11.0,11.0,29.74074074074074,12.465040275945071,28.0,11.0,49.0,0.5407407407407406,0.22663709592627404,0.509090909090909,0.2,0.8909090909090909,5.407407407407407,2.26637095926274,5.090909090909091,2.0,8.909090909090908,2.2989750255083,0.5873292468020872,2.5584085962673253,1.2398346997259868,2.854603357837742,2.925925925925926,2.2921108810023414,2.0,1.0,7.0,9.88888888888889,0.4157397096415491,10.0,8.0,10.0,1.9955308933948028,0.5722141505095774,1.9362600275315274,1.0957952550009336,3.095795255000934,0.7112126556571001,0.24168410022842354,0.8151515151515152,0.18383838383838383,0.9272727272727272,0.5568002633875972,0.26478702723790287,0.5732484076433121,0.06382978723404255,0.9090909090909091,-0.5631787406238311,0.19010017236035262,-0.5854643337819676,-0.8818342151675486,-0.2917398945518494,1.0,0.0,1.0,1.0,1.0,1.0,0.0,1.0,1.0,1.0,1.0,0.0,1.0,1.0,1.0,2.074074074074074,0.261891400439462,2.0,2.0,3.0,1.4646464646464645,0.23127563544183724,1.490909090909091,1.1090909090909091,1.8,1.4814814814814814,2.767140125089311,0.0,0.0,8.0,0.3333333333333333,0.4714045207910317,0.0,0.0,1.0,6.210182982023237,1.87842186336978,6.055179812233054,3.297070544363274,9.04604214754126,2.666494342181092,1.8982222183648976,1.9999999999999991,0.9460040304190799,5.999999999999997,12.841022128466113,3.2210705047122086,15.114228431731151,7.462243346555482,15.58255709785079,0.0,0.0,0.0,0.0,0.0,5.518518518518518,2.9983992071124583,5.0,1.0,10.0,0.5518518518518518,0.2998399207112459,0.5,0.1,1.0,0.5016835016835016,0.2725817461011326,0.45454545454545453,0.09090909090909091,0.9090909090909091,7.613888888888888,2.8510078717488074,8.8,1.2,10.0,6.222222222222222,2.9731307022799225,7.0,1.0,10.0,8.814814814814815,2.509788792014432,10.0,2.0,10.0,0.7354203409758966,0.3932520564605146,1.0,0.0,1.0,9.777777777777779,10.559648329348198,6.0,0.0,28.0,15.296296296296296,12.370259480540907,12.0,1.0,36.0,0.8493426326759661,0.2754155064179159,1.0,0.2,1.0,0.14486968449931414,0.33276715677786306,0.0,0.0,0.9777777777777779,0.7188222917497085,0.16286944936327388,0.6666666666666666,0.47619047619047616,1.0,0.30444547159274227,0.16109874019994472,0.2794189424621226,0.11421251772843778,0.6876203939060362,0.11883007767737544,0.11761574321881206,0.08031405424317617,0.034985897813639796,0.4269388034019242,4.074074074074074,2.3870937843440028,4.0,1.0,8.0,0.14814814814814814,0.3552467795046459,0.0,0.0,1.0,1.1111111111111112,2.4845199749997664,0.0,0.0,8.0,1.0,0.0,1.0,1.0,1.0,1.462962962962963,0.32334839386247627,1.5,1.0,2.1,1.9259259259259258,0.46554833666579754,2.0,1.0,3.0,2.4814814814814814,1.5484848118790278,2.0,1.0,8.0,2.3703703703703702,1.543160493037012,2.0,1.0,8.0,9.223243911146032,3.9119956144593715,12.042602523649927,1.6532125137753426,12.614550840229354
peertube_follow,12,15,0.0,0.0,0.0,0.0,0.0,12.0,0.0,12.0,12.0,12.0,30.733333333333334,13.333999983334166,26.0,13.0,50.0,0.4656565656565657,0.2020303027777904,0.3939393939393939,0.19696969696969696,0.7575757575757576,5.122222222222222,2.2223333305556947,4.333333333333333,2.1666666666666665,8.333333333333334,2.5785007906018365,0.23061987060432776,2.565800719723442,1.9930434571835662,2.9674156357941426,1.3333333333333333,1.0110500592068734,1.0,1.0,5.0,10.533333333333333,0.8055363982396383,11.0,8.0,11.0,2.2556755594182323,0.3570616822622253,2.2841591278514217,1.4182958340544896,3.0220552088742,0.643757415424082,0.19090199082986534,0.6628787878787878,0.22525252525252526,0.8668831168831169,0.5354213249157578,0.24456359147092638,0.47560975609756095,0.1,0.8910891089108911,-0.4665749765978397,0.19556006666005918,-0.5193601163424828,-0.828680897646415,-0.16707616707616613,1.0,0.0,1.0,1.0,1.0,1.0,0.0,1.0,1.0,1.0,1.0,0.0,1.0,1.0,1.0,2.4,0.6110100926607788,2.0,2.0,4.0,1.5666666666666667,0.2269560082721933,1.621212121212121,1.2424242424242424,2.0303030303030303,2.066666666666667,2.1437246921084707,1.0,0.0,8.0,1.0,0.6324555320336759,1.0,0.0,3.0,6.147943572245436,1.9836015946010417,5.446402501145368,3.5877414504720124,9.054756279205613,1.2858791413144581,1.034412997463246,0.9999999999999992,0.49152876683539004,5.000000000000001,16.38757601880063,1.555250927552777,16.238112017575762,13.310669611326363,18.65059849613075,0.0,0.0,0.0,0.0,0.0,5.466666666666667,3.4998412662417833,5.0,1.0,11.0,0.49696969696969695,0.3181673878401621,0.45454545454545453,0.09090909090909091,1.0,0.45555555555555555,0.29165343885348194,0.4166666666666667,0.08333333333333333,0.9166666666666666,7.295454545454545,2.9555423165054884,6.818181818181818,1.3636363636363635,11.0,4.466666666666667,4.080304999493161,3.0,1.0,11.0,9.6,2.6280537792569367,11.0,3.0,11.0,0.4567676767676767,0.3506173371213877,0.5818181818181818,0.0,1.0,10.266666666666667,11.698812855252546,4.0,0.0,32.0,15.733333333333333,14.544032758794545,9.0,1.0,43.0,0.7952958152958154,0.2135711866573474,0.8222222222222222,0.19696969696969696,1.0,0.12717171717171719,0.23628529306843601,0.034848484848484844,0.0,0.9545454545454545,0.6848250040007006,0.18106931924211508,0.6470588235294118,0.34375,1.0,0.26699643670405576,0.1452671402797125,0.2822486258135018,0.031247780007154925,0.6678841654071894,0.0994104044279296,0.0864238191968032,0.09722665079003058,0.028569549846082776,0.400090827038979,3.933333333333333,2.594010194445829,3.0,1.0,8.0,0.3333333333333333,0.47140452079103173,0.0,0.0,1.0,1.0666666666666667,1.9136933459209768,1.0,0.0,8.0,1.0,0.0,1.0,1.0,1.0,1.575757575757576,0.46788506825742504,1.5454545454545454,1.0,2.909090909090909,2.066666666666667,0.679869268479038,2.0,1.0,4.0,2.066666666666667,1.2364824660660938,2.0,1.0,5.0,1.8666666666666667,1.3097921802925667,1.0,1.0,5.0,13.112042028040966,2.9705173623183536,13.834091726163757,3.171726453653233,15.489374957361969
