task_id,p_index,repetition,seed,p,reward,runtime,success,source_file,runtime_raw,is_timeout,is_success
0,0,0,42,0.23,1.0,61.88815212249756,True,task_0000.json,61.88815212249756,False,True
1,0,1,43,0.23,1.0,179.52863025665283,True,task_0001.json,179.52863025665283,False,True
2,0,2,44,0.23,1.0,294.36943316459656,True,task_0002.json,294.36943316459656,False,True
3,0,3,45,0.23,1.0,133.7331998348236,True,task_0003.json,133.7331998348236,False,True
4,0,4,46,0.23,1.0,231.54195833206177,True,task_0004.json,231.54195833206177,False,True
5,0,5,47,0.23,1.0,372.15912437438965,True,task_0005.json,372.15912437438965,False,True
6,0,6,48,0.23,0.9987410806047284,3600.0,False,task_0006.json,3600.0,True,False
7,0,7,49,0.23,1.0,1843.4198088645935,True,task_0007.json,1843.4198088645935,False,True
8,0,8,50,0.23,1.0,265.0949695110321,True,task_0008.json,265.0949695110321,False,True
9,0,9,51,0.23,1.0,24.259551525115967,True,task_0009.json,24.259551525115967,False,True
10,0,10,52,0.23,1.0,770.2164659500122,True,task_0010.json,770.2164659500122,False,True
11,0,11,53,0.23,1.0,1.0130126476287842,True,task_0011.json,1.0130126476287842,False,True
12,0,12,54,0.23,1.0,102.74526166915894,True,task_0012.json,102.74526166915894,False,True
13,0,13,55,0.23,1.0,75.94464945793152,True,task_0013.json,75.94464945793152,False,True
14,0,14,56,0.23,1.0,192.59878420829773,True,task_0014.json,192.59878420829773,False,True
15,0,15,57,0.23,1.0,1769.7297129631042,True,task_0015.json,1769.7297129631042,False,True
16,0,16,58,0.23,1.0,56.5274076461792,True,task_0016.json,56.5274076461792,False,True
17,0,17,59,0.23,1.0,59.935792446136475,True,task_0017.json,59.935792446136475,False,True
18,0,18,60,0.23,1.0,168.66001176834106,True,task_0018.json,168.66001176834106,False,True
19,0,19,61,0.23,1.0,18.147541284561157,True,task_0019.json,18.147541284561157,False,True
20,0,20,62,0.23,0.9995401012858487,3600.0,False,task_0020.json,3600.0,True,False
21,0,21,63,0.23,1.0,243.28368520736694,True,task_0021.json,243.28368520736694,False,True
22,0,22,64,0.23,1.0,103.95336842536926,True,task_0022.json,103.95336842536926,False,True
23,0,23,65,0.23,1.0,65.70838022232056,True,task_0023.json,65.70838022232056,False,True
24,0,24,66,0.23,1.0,8.768607139587402,True,task_0024.json,8.768607139587402,False,True
25,0,25,67,0.23,1.0,113.56655931472778,True,task_0025.json,113.56655931472778,False,True
26,0,26,68,0.23,1.0,482.2627296447754,True,task_0026.json,482.2627296447754,False,True
27,0,27,69,0.23,1.0,201.99717688560486,True,task_0027.json,201.99717688560486,False,True
28,0,28,70,0.23,1.0,48.86010718345642,True,task_0028.json,48.86010718345642,False,True
29,0,29,71,0.23,1.0,213.816828250885,True,task_0029.json,213.816828250885,False,True
30,1,0,72,0.3155555555555556,0.9996027534233234,3600.0,False,task_0030.json,3600.0,True,False
31,1,1,73,0.3155555555555556,1.0,2387.663796186447,True,task_0031.json,2387.663796186447,False,True
32,1,2,74,0.3155555555555556,1.0,227.07800674438477,True,task_0032.json,227.07800674438477,False,True
33,1,3,75,0.3155555555555556,1.0,604.331883430481,True,task_0033.json,604.331883430481,False,True
34,1,4,76,0.3155555555555556,1.0,333.38239645957947,True,task_0034.json,333.38239645957947,False,True
35,1,5,77,0.3155555555555556,1.0,163.72603225708008,True,task_0035.json,163.72603225708008,False,True
36,1,6,78,0.3155555555555556,1.0,1.1060736179351807,True,task_0036.json,1.1060736179351807,False,True
37,1,7,79,0.3155555555555556,0.9987677448506606,3600.0,False,task_0037.json,3600.0,True,False
38,1,8,80,0.3155555555555556,0.9983773284574019,3600.0,False,task_0038.json,3600.0,True,False
39,1,9,81,0.3155555555555556,1.0,675.426207780838,True,task_0039.json,675.426207780838,False,True
40,1,10,82,0.3155555555555556,1.0,3381.952883005142,True,task_0040.json,3381.952883005142,False,True
41,1,11,83,0.3155555555555556,1.0,1425.445683002472,True,task_0041.json,1425.445683002472,False,True
42,1,12,84,0.3155555555555556,1.0,28.931476831436157,True,task_0042.json,28.931476831436157,False,True
43,1,13,85,0.3155555555555556,1.0,267.731210231781,True,task_0043.json,267.731210231781,False,True
44,1,14,86,0.3155555555555556,1.0,444.18642354011536,True,task_0044.json,444.18642354011536,False,True
45,1,15,87,0.3155555555555556,1.0,592.2961218357086,True,task_0045.json,592.2961218357086,False,True
46,1,16,88,0.3155555555555556,1.0,629.1259198188782,True,task_0046.json,629.1259198188782,False,True
47,1,17,89,0.3155555555555556,0.998446978687619,3600.0,False,task_0047.json,3600.0,True,False
48,1,18,90,0.3155555555555556,1.0,445.8400411605835,True,task_0048.json,445.8400411605835,False,True
49,1,19,91,0.3155555555555556,1.0,121.40981650352478,True,task_0049.json,121.40981650352478,False,True
50,1,20,92,0.3155555555555556,1.0,435.6946451663971,True,task_0050.json,435.6946451663971,False,True
51,1,21,93,0.3155555555555556,1.0,232.58199000358582,True,task_0051.json,232.58199000358582,False,True
52,1,22,94,0.3155555555555556,1.0,631.8921670913696,True,task_0052.json,631.8921670913696,False,True
53,1,23,95,0.3155555555555556,1.0,16.785972356796265,True,task_0053.json,16.785972356796265,False,True
54,1,24,96,0.3155555555555556,1.0,294.55473041534424,True,task_0054.json,294.55473041534424,False,True
55,1,25,97,0.3155555555555556,1.0,294.1799478530884,True,task_0055.json,294.1799478530884,False,True
56,1,26,98,0.3155555555555556,1.0,69.11755895614624,True,task_0056.json,69.11755895614624,False,True
57,1,27,99,0.3155555555555556,0.9997282664262571,3600.0,False,task_0057.json,3600.0,True,False
58,1,28,100,0.3155555555555556,1.0,87.24042224884033,True,task_0058.json,87.24042224884033,False,True
59,1,29,101,0.3155555555555556,1.0,1888.4975845813751,True,task_0059.json,1888.4975845813751,False,True
60,2,0,102,0.4011111111111111,0.9995531093853703,3600.0,False,task_0060.json,3600.0,True,False
61,2,1,103,0.4011111111111111,0.998552091232817,3600.0,False,task_0061.json,3600.0,True,False
62,2,2,104,0.4011111111111111,1.0,615.639716386795,True,task_0062.json,615.639716386795,False,True
63,2,3,105,0.4011111111111111,1.0,116.91251397132874,True,task_0063.json,116.91251397132874,False,True
64,2,4,106,0.4011111111111111,1.0,1578.8515977859497,True,task_0064.json,1578.8515977859497,False,True
65,2,5,107,0.4011111111111111,1.0,2336.045053958893,True,task_0065.json,2336.045053958893,False,True
66,2,6,108,0.4011111111111111,0.9994884833692615,3600.0,False,task_0066.json,3600.0,True,False
67,2,7,109,0.4011111111111111,1.0,2456.805124759674,True,task_0067.json,2456.805124759674,False,True
68,2,8,110,0.4011111111111111,0.9969940933112349,3600.0,False,task_0068.json,3600.0,True,False
69,2,9,111,0.4011111111111111,1.0,3199.8694796562195,True,task_0069.json,3199.8694796562195,False,True
70,2,10,112,0.4011111111111111,0.9996419476160598,3600.0,False,task_0070.json,3600.0,True,False
71,2,11,113,0.4011111111111111,1.0,488.2213935852051,True,task_0071.json,488.2213935852051,False,True
72,2,12,114,0.4011111111111111,0.9994129099048713,3600.0,False,task_0072.json,3600.0,True,False
73,2,13,115,0.4011111111111111,0.9992215261681027,3600.0,False,task_0073.json,3600.0,True,False
74,2,14,116,0.4011111111111111,0.9998658345009956,3600.0,False,task_0074.json,3600.0,True,False
75,2,15,117,0.4011111111111111,1.0,349.4865071773529,True,task_0075.json,349.4865071773529,False,True
76,2,16,118,0.4011111111111111,1.0,257.78509759902954,True,task_0076.json,257.78509759902954,False,True
77,2,17,119,0.4011111111111111,0.9978204237334001,3600.0,False,task_0077.json,3600.0,True,False
78,2,18,120,0.4011111111111111,0.9993816422619957,3600.0,False,task_0078.json,3600.0,True,False
79,2,19,121,0.4011111111111111,0.9971651527894856,3600.0,False,task_0079.json,3600.0,True,False
80,2,20,122,0.4011111111111111,0.9989574583245785,3600.0,False,task_0080.json,3600.0,True,False
81,2,21,123,0.4011111111111111,1.0,1602.5712916851044,True,task_0081.json,1602.5712916851044,False,True
82,2,22,124,0.4011111111111111,0.9977400420589914,3600.0,False,task_0082.json,3600.0,True,False
83,2,23,125,0.4011111111111111,0.9991992157989402,3600.0,False,task_0083.json,3600.0,True,False
84,2,24,126,0.4011111111111111,0.9969172026084463,3317.6332547664642,True,task_0084.json,3317.6332547664642,False,False
85,2,25,127,0.4011111111111111,1.0,904.4105048179626,True,task_0085.json,904.4105048179626,False,True
86,2,26,128,0.4011111111111111,1.0,742.2535481452942,True,task_0086.json,742.2535481452942,False,True
87,2,27,129,0.4011111111111111,0.999149152176462,3600.0,False,task_0087.json,3600.0,True,False
88,2,28,130,0.4011111111111111,0.9982168666746215,3600.0,False,task_0088.json,3600.0,True,False
89,2,29,131,0.4011111111111111,0.9990412129303294,3600.0,False,task_0089.json,3600.0,True,False
90,3,0,132,0.4866666666666667,0.9992769460295963,3600.0,False,task_0090.json,3600.0,True,False
91,3,1,133,0.4866666666666667,1.0,2995.8020057678223,True,task_0091.json,2995.8020057678223,False,True
92,3,2,134,0.4866666666666667,0.9961588511581172,3600.0,False,task_0092.json,3600.0,True,False
93,3,3,135,0.4866666666666667,0.9994032106496464,3600.0,False,task_0093.json,3600.0,True,False
94,3,4,136,0.4866666666666667,0.998775631151909,3600.0,False,task_0094.json,3600.0,True,False
95,3,5,137,0.4866666666666667,0.9988008535513918,3600.0,False,task_0095.json,3600.0,True,False
96,3,6,138,0.4866666666666667,1.0,1727.899139881134,True,task_0096.json,1727.899139881134,False,True
97,3,7,139,0.4866666666666667,0.9976870415202368,3600.0,False,task_0097.json,3600.0,True,False
98,3,8,140,0.4866666666666667,0.9970565729007389,3600.0,False,task_0098.json,3600.0,True,False
99,3,9,141,0.4866666666666667,1.0,532.9102625846863,True,task_0099.json,532.9102625846863,False,True
100,3,10,142,0.4866666666666667,1.0,2128.7741672992706,True,task_0100.json,2128.7741672992706,False,True
101,3,11,143,0.4866666666666667,0.9974556842720053,3600.0,False,task_0101.json,3600.0,True,False
102,3,12,144,0.4866666666666667,0.9989787648159454,3600.0,False,task_0102.json,3600.0,True,False
103,3,13,145,0.4866666666666667,1.0,413.05982422828674,True,task_0103.json,413.05982422828674,False,True
104,3,14,146,0.4866666666666667,0.9976234250366531,3600.0,False,task_0104.json,3600.0,True,False
105,3,15,147,0.4866666666666667,0.9990142037167228,3600.0,False,task_0105.json,3600.0,True,False
106,3,16,148,0.4866666666666667,0.9997924565401243,3600.0,False,task_0106.json,3600.0,True,False
107,3,17,149,0.4866666666666667,1.0,2296.2088618278503,True,task_0107.json,2296.2088618278503,False,True
108,3,18,150,0.4866666666666667,1.0,672.6475992202759,True,task_0108.json,672.6475992202759,False,True
109,3,19,151,0.4866666666666667,0.9985558163383416,3600.0,False,task_0109.json,3600.0,True,False
110,3,20,152,0.4866666666666667,1.0,2540.3088245391846,True,task_0110.json,2540.3088245391846,False,True
111,3,21,153,0.4866666666666667,1.0,1678.1801521778107,True,task_0111.json,1678.1801521778107,False,True
112,3,22,154,0.4866666666666667,1.0,3319.496705532074,True,task_0112.json,3319.496705532074,False,True
113,3,23,155,0.4866666666666667,1.0,424.91254019737244,True,task_0113.json,424.91254019737244,False,True
114,3,24,156,0.4866666666666667,0.998972583653961,3600.0,False,task_0114.json,3600.0,True,False
115,3,25,157,0.4866666666666667,0.9998791093078687,3600.0,False,task_0115.json,3600.0,True,False
116,3,26,158,0.4866666666666667,1.0,230.46815085411072,True,task_0116.json,230.46815085411072,False,True
117,3,27,159,0.4866666666666667,1.0,2159.668235063553,True,task_0117.json,2159.668235063553,False,True
118,3,28,160,0.4866666666666667,0.9994600013517789,3600.0,False,task_0118.json,3600.0,True,False
119,3,29,161,0.4866666666666667,0.9993853924486445,3600.0,False,task_0119.json,3600.0,True,False
120,4,0,162,0.5722222222222222,0.995497676981446,3600.0,False,task_0120.json,3600.0,True,False
121,4,1,163,0.5722222222222222,0.9986567709408142,3600.0,False,task_0121.json,3600.0,True,False
122,4,2,164,0.5722222222222222,0.9991874792738802,3600.0,False,task_0122.json,3600.0,True,False
123,4,3,165,0.5722222222222222,0.9994899426235125,3600.0,False,task_0123.json,3600.0,True,False
124,4,4,166,0.5722222222222222,0.999616004245249,3600.0,False,task_0124.json,3600.0,True,False
125,4,5,167,0.5722222222222222,0.9994332606574446,3600.0,False,task_0125.json,3600.0,True,False
126,4,6,168,0.5722222222222222,0.9972725612380331,3600.0,False,task_0126.json,3600.0,True,False
127,4,7,169,0.5722222222222222,0.9980215462249135,3600.0,False,task_0127.json,3600.0,True,False
128,4,8,170,0.5722222222222222,0.9996596944170849,3600.0,False,task_0128.json,3600.0,True,False
129,4,9,171,0.5722222222222222,0.9976758889379779,3600.0,False,task_0129.json,3600.0,True,False
130,4,10,172,0.5722222222222222,0.9976187875949405,3600.0,False,task_0130.json,3600.0,True,False
131,4,11,173,0.5722222222222222,0.9982746945535534,3600.0,False,task_0131.json,3600.0,True,False
132,4,12,174,0.5722222222222222,0.9993136826235851,3600.0,False,task_0132.json,3600.0,True,False
133,4,13,175,0.5722222222222222,0.9975304628364688,3600.0,False,task_0133.json,3600.0,True,False
134,4,14,176,0.5722222222222222,1.0,2085.35614156723,True,task_0134.json,2085.35614156723,False,True
135,4,15,177,0.5722222222222222,1.0,2101.8734080791473,True,task_0135.json,2101.8734080791473,False,True
136,4,16,178,0.5722222222222222,1.0,3138.9820437431335,True,task_0136.json,3138.9820437431335,False,True
137,4,17,179,0.5722222222222222,0.9966060415418867,3600.0,False,task_0137.json,3600.0,True,False
138,4,18,180,0.5722222222222222,0.9976213125712872,3600.0,False,task_0138.json,3600.0,True,False
139,4,19,181,0.5722222222222222,1.0,1927.7014665603638,True,task_0139.json,1927.7014665603638,False,True
140,4,20,182,0.5722222222222222,0.999273060848383,3600.0,False,task_0140.json,3600.0,True,False
141,4,21,183,0.5722222222222222,0.9969138230648578,3600.0,False,task_0141.json,3600.0,True,False
142,4,22,184,0.5722222222222222,0.9954273669658169,3600.0,False,task_0142.json,3600.0,True,False
143,4,23,185,0.5722222222222222,1.0,2512.559638261795,True,task_0143.json,2512.559638261795,False,True
144,4,24,186,0.5722222222222222,0.998529739393699,3600.0,False,task_0144.json,3600.0,True,False
145,4,25,187,0.5722222222222222,0.9969168521921111,3600.0,False,task_0145.json,3600.0,True,False
146,4,26,188,0.5722222222222222,0.9971736651261451,3600.0,False,task_0146.json,3600.0,True,False
147,4,27,189,0.5722222222222222,0.9993228508690233,3600.0,False,task_0147.json,3600.0,True,False
148,4,28,190,0.5722222222222222,0.9971591618392445,3600.0,False,task_0148.json,3600.0,True,False
149,4,29,191,0.5722222222222222,0.999706200167626,3600.0,False,task_0149.json,3600.0,True,False
150,5,0,192,0.6577777777777778,0.9999508532077431,3600.0,False,task_0150.json,3600.0,True,False
151,5,1,193,0.6577777777777778,0.9981465248105517,3600.0,False,task_0151.json,3600.0,True,False
152,5,2,194,0.6577777777777778,1.0,16.62717366218567,True,task_0152.json,16.62717366218567,False,True
153,5,3,195,0.6577777777777778,0.9979897757127049,3600.0,False,task_0153.json,3600.0,True,False
154,5,4,196,0.6577777777777778,0.9989008535045092,3600.0,False,task_0154.json,3600.0,True,False
155,5,5,197,0.6577777777777778,0.9979789316147181,3600.0,False,task_0155.json,3600.0,True,False
156,5,6,198,0.6577777777777778,0.9975382979702597,3600.0,False,task_0156.json,3600.0,True,False
157,5,7,199,0.6577777777777778,0.9977249363891048,3600.0,False,task_0157.json,3600.0,True,False
158,5,8,200,0.6577777777777778,0.99781846551274,3600.0,False,task_0158.json,3600.0,True,False
159,5,9,201,0.6577777777777778,0.9998199267151406,3600.0,False,task_0159.json,3600.0,True,False
160,5,10,202,0.6577777777777778,0.9996698610078741,3600.0,False,task_0160.json,3600.0,True,False
161,5,11,203,0.6577777777777778,0.9995116073025594,3600.0,False,task_0161.json,3600.0,True,False
162,5,12,204,0.6577777777777778,0.999925128802988,3600.0,False,task_0162.json,3600.0,True,False
163,5,13,205,0.6577777777777778,1.0,330.6944785118103,True,task_0163.json,330.6944785118103,False,True
164,5,14,206,0.6577777777777778,0.9968240171376445,3600.0,False,task_0164.json,3600.0,True,False
165,5,15,207,0.6577777777777778,0.9994933808748289,3600.0,False,task_0165.json,3600.0,True,False
166,5,16,208,0.6577777777777778,0.9980379174056189,3600.0,False,task_0166.json,3600.0,True,False
167,5,17,209,0.6577777777777778,1.0,317.15432572364807,True,task_0167.json,317.15432572364807,False,True
168,5,18,210,0.6577777777777778,0.997752716930123,3600.0,False,task_0168.json,3600.0,True,False
169,5,19,211,0.6577777777777778,0.9983255579449748,3600.0,False,task_0169.json,3600.0,True,False
170,5,20,212,0.6577777777777778,0.9991405120715263,3600.0,False,task_0170.json,3600.0,True,False
171,5,21,213,0.6577777777777778,0.9966646556599917,3600.0,False,task_0171.json,3600.0,True,False
172,5,22,214,0.6577777777777778,0.9981746494823335,3600.0,False,task_0172.json,3600.0,True,False
173,5,23,215,0.6577777777777778,0.9986715861239024,3600.0,False,task_0173.json,3600.0,True,False
174,5,24,216,0.6577777777777778,1.0,2132.0695436000824,True,task_0174.json,2132.0695436000824,False,True
175,5,25,217,0.6577777777777778,0.9978110023574376,3600.0,False,task_0175.json,3600.0,True,False
176,5,26,218,0.6577777777777778,0.9977407265088949,3600.0,False,task_0176.json,3600.0,True,False
177,5,27,219,0.6577777777777778,0.9986460049795264,3600.0,False,task_0177.json,3600.0,True,False
178,5,28,220,0.6577777777777778,0.9989546792287952,3600.0,False,task_0178.json,3600.0,True,False
179,5,29,221,0.6577777777777778,0.997013587727328,3600.0,False,task_0179.json,3600.0,True,False
180,6,0,222,0.7433333333333333,0.9970001864592553,3600.0,False,task_0180.json,3600.0,True,False
181,6,1,223,0.7433333333333333,1.0,283.1552758216858,True,task_0181.json,283.1552758216858,False,True
182,6,2,224,0.7433333333333333,0.9986504968993591,3600.0,False,task_0182.json,3600.0,True,False
183,6,3,225,0.7433333333333333,0.9979777460164515,3600.0,False,task_0183.json,3600.0,True,False
184,6,4,226,0.7433333333333333,0.9993987853020274,3600.0,False,task_0184.json,3600.0,True,False
185,6,5,227,0.7433333333333333,1.0,2728.2665300369263,True,task_0185.json,2728.2665300369263,False,True
186,6,6,228,0.7433333333333333,0.9992783889865482,3600.0,False,task_0186.json,3600.0,True,False
187,6,7,229,0.7433333333333333,0.999098172890716,3600.0,False,task_0187.json,3600.0,True,False
188,6,8,230,0.7433333333333333,0.9986780240810336,3600.0,False,task_0188.json,3600.0,True,False
189,6,9,231,0.7433333333333333,0.9978811494397752,3600.0,False,task_0189.json,3600.0,True,False
190,6,10,232,0.7433333333333333,0.9981210254869993,3600.0,False,task_0190.json,3600.0,True,False
191,6,11,233,0.7433333333333333,0.9981080450074686,3600.0,False,task_0191.json,3600.0,True,False
192,6,12,234,0.7433333333333333,0.9983030599337095,3600.0,False,task_0192.json,3600.0,True,False
193,6,13,235,0.7433333333333333,0.9988559259523035,3600.0,False,task_0193.json,3600.0,True,False
194,6,14,236,0.7433333333333333,0.9979325107064009,3600.0,False,task_0194.json,3600.0,True,False
195,6,15,237,0.7433333333333333,0.9994664363957136,3600.0,False,task_0195.json,3600.0,True,False
196,6,16,238,0.7433333333333333,0.9998733115256626,3600.0,False,task_0196.json,3600.0,True,False
197,6,17,239,0.7433333333333333,0.9997503221746974,3600.0,False,task_0197.json,3600.0,True,False
198,6,18,240,0.7433333333333333,0.9982104666276977,3600.0,False,task_0198.json,3600.0,True,False
199,6,19,241,0.7433333333333333,0.9982644513094656,3600.0,False,task_0199.json,3600.0,True,False
200,6,20,242,0.7433333333333333,0.9978912026440557,3600.0,False,task_0200.json,3600.0,True,False
201,6,21,243,0.7433333333333333,0.998718362000394,3600.0,False,task_0201.json,3600.0,True,False
202,6,22,244,0.7433333333333333,0.9973144201390648,3600.0,False,task_0202.json,3600.0,True,False
203,6,23,245,0.7433333333333333,0.9995357158132749,3600.0,False,task_0203.json,3600.0,True,False
204,6,24,246,0.7433333333333333,1.0,3104.020820617676,True,task_0204.json,3104.020820617676,False,True
205,6,25,247,0.7433333333333333,0.9980226689997845,3600.0,False,task_0205.json,3600.0,True,False
206,6,26,248,0.7433333333333333,1.0,2700.575901031494,True,task_0206.json,2700.575901031494,False,True
207,6,27,249,0.7433333333333333,0.9996742495681968,3600.0,False,task_0207.json,3600.0,True,False
208,6,28,250,0.7433333333333333,0.9985455921776807,3600.0,False,task_0208.json,3600.0,True,False
209,6,29,251,0.7433333333333333,0.9985798623511957,3600.0,False,task_0209.json,3600.0,True,False
210,7,0,252,0.8288888888888888,0.998445477523715,3600.0,False,task_0210.json,3600.0,True,False
211,7,1,253,0.8288888888888888,1.0,325.437949180603,True,task_0211.json,325.437949180603,False,True
212,7,2,254,0.8288888888888888,0.9988812737413263,3600.0,False,task_0212.json,3600.0,True,False
213,7,3,255,0.8288888888888888,1.0,1777.1980588436127,True,task_0213.json,1777.1980588436127,False,True
214,7,4,256,0.8288888888888888,0.9996229181132522,3600.0,False,task_0214.json,3600.0,True,False
215,7,5,257,0.8288888888888888,1.0,2990.1251010894775,True,task_0215.json,2990.1251010894775,False,True
216,7,6,258,0.8288888888888888,1.0,759.3581664562225,True,task_0216.json,759.3581664562225,False,True
217,7,7,259,0.8288888888888888,0.9981117624678051,3600.0,False,task_0217.json,3600.0,True,False
218,7,8,260,0.8288888888888888,1.0,538.7969193458557,True,task_0218.json,538.7969193458557,False,True
219,7,9,261,0.8288888888888888,0.9987080997225904,3600.0,False,task_0219.json,3600.0,True,False
220,7,10,262,0.8288888888888888,0.9989374009586132,1733.1138565540314,True,task_0220.json,1733.1138565540314,False,False
221,7,11,263,0.8288888888888888,1.0,3.965827226638794,True,task_0221.json,3.965827226638794,False,True
222,7,12,264,0.8288888888888888,1.0,180.14335751533508,True,task_0222.json,180.14335751533508,False,True
223,7,13,265,0.8288888888888888,1.0,2666.080171585083,True,task_0223.json,2666.080171585083,False,True
224,7,14,266,0.8288888888888888,0.9995168997305317,3600.0,False,task_0224.json,3600.0,True,False
225,7,15,267,0.8288888888888888,0.9990537205050889,1215.5201909542084,True,task_0225.json,1215.5201909542084,False,False
226,7,16,268,0.8288888888888888,1.0,149.8496835231781,True,task_0226.json,149.8496835231781,False,True
227,7,17,269,0.8288888888888888,0.9989345190283686,514.6917314529419,True,task_0227.json,514.6917314529419,False,False
228,7,18,270,0.8288888888888888,1.0,1690.966975927353,True,task_0228.json,1690.966975927353,False,True
229,7,19,271,0.8288888888888888,0.9997127187731565,3600.0,False,task_0229.json,3600.0,True,False
230,7,20,272,0.8288888888888888,0.9986425087259831,3600.0,False,task_0230.json,3600.0,True,False
231,7,21,273,0.8288888888888888,1.0,26.837958812713623,True,task_0231.json,26.837958812713623,False,True
232,7,22,274,0.8288888888888888,0.9978240298629277,3600.0,False,task_0232.json,3600.0,True,False
233,7,23,275,0.8288888888888888,0.9984900616057881,3600.0,False,task_0233.json,3600.0,True,False
234,7,24,276,0.8288888888888888,0.9986813411955994,3600.0,False,task_0234.json,3600.0,True,False
235,7,25,277,0.8288888888888888,0.9988451638371078,3600.0,False,task_0235.json,3600.0,True,False
236,7,26,278,0.8288888888888888,0.9987283447396725,1855.3153355121613,True,task_0236.json,1855.3153355121613,False,False
237,7,27,279,0.8288888888888888,1.0,2700.030151605606,True,task_0237.json,2700.030151605606,False,True
238,7,28,280,0.8288888888888888,0.9986739674591387,3600.0,False,task_0238.json,3600.0,True,False
239,7,29,281,0.8288888888888888,0.9988285516819083,2974.555942773819,True,task_0239.json,2974.555942773819,False,False
240,8,0,282,0.9144444444444444,1.0,59.57658791542053,True,task_0240.json,59.57658791542053,False,True
241,8,1,283,0.9144444444444444,1.0,622.6225144863129,True,task_0241.json,622.6225144863129,False,True
242,8,2,284,0.9144444444444444,1.0,915.6932094097137,True,task_0242.json,915.6932094097137,False,True
243,8,3,285,0.9144444444444444,1.0,0.035811424255371094,True,task_0243.json,0.035811424255371094,False,True
244,8,4,286,0.9144444444444444,1.0,42.803805112838745,True,task_0244.json,42.803805112838745,False,True
245,8,5,287,0.9144444444444444,1.0,2090.145093679428,True,task_0245.json,2090.145093679428,False,True
246,8,6,288,0.9144444444444444,1.0,4.682361125946045,True,task_0246.json,4.682361125946045,False,True
247,8,7,289,0.9144444444444444,1.0,0.23306798934936523,True,task_0247.json,0.23306798934936523,False,True
248,8,8,290,0.9144444444444444,0.9982964726527016,3600.0,False,task_0248.json,3600.0,True,False
249,8,9,291,0.9144444444444444,1.0,641.1278738975525,True,task_0249.json,641.1278738975525,False,True
250,8,10,292,0.9144444444444444,1.0,0.9624834060668945,True,task_0250.json,0.9624834060668945,False,True
251,8,11,293,0.9144444444444444,1.0,1199.768389225006,True,task_0251.json,1199.768389225006,False,True
252,8,12,294,0.9144444444444444,1.0,32.43858480453491,True,task_0252.json,32.43858480453491,False,True
253,8,13,295,0.9144444444444444,1.0,754.722193479538,True,task_0253.json,754.722193479538,False,True
254,8,14,296,0.9144444444444444,1.0,480.55261158943176,True,task_0254.json,480.55261158943176,False,True
255,8,15,297,0.9144444444444444,1.0,9.418235063552856,True,task_0255.json,9.418235063552856,False,True
256,8,16,298,0.9144444444444444,0.9989986456901679,3481.4639143943787,True,task_0256.json,3481.4639143943787,False,False
257,8,17,299,0.9144444444444444,1.0,25.74704885482788,True,task_0257.json,25.74704885482788,False,True
258,8,18,300,0.9144444444444444,1.0,16.29310631752014,True,task_0258.json,16.29310631752014,False,True
259,8,19,301,0.9144444444444444,1.0,41.17675018310547,True,task_0259.json,41.17675018310547,False,True
260,8,20,302,0.9144444444444444,1.0,169.34021019935608,True,task_0260.json,169.34021019935608,False,True
261,8,21,303,0.9144444444444444,1.0,375.906370639801,True,task_0261.json,375.906370639801,False,True
262,8,22,304,0.9144444444444444,1.0,101.2718722820282,True,task_0262.json,101.2718722820282,False,True
263,8,23,305,0.9144444444444444,1.0,1219.6311604976654,True,task_0263.json,1219.6311604976654,False,True
264,8,24,306,0.9144444444444444,1.0,47.381136894226074,True,task_0264.json,47.381136894226074,False,True
265,8,25,307,0.9144444444444444,1.0,1.6465628147125244,True,task_0265.json,1.6465628147125244,False,True
266,8,26,308,0.9144444444444444,1.0,12.115188598632812,True,task_0266.json,12.115188598632812,False,True
267,8,27,309,0.9144444444444444,1.0,7.225539922714233,True,task_0267.json,7.225539922714233,False,True
268,8,28,310,0.9144444444444444,1.0,4.096420526504517,True,task_0268.json,4.096420526504517,False,True
269,8,29,311,0.9144444444444444,1.0,378.21220779418945,True,task_0269.json,378.21220779418945,False,True
270,9,0,312,1.0,1.0,0.03517413139343262,True,task_0270.json,0.03517413139343262,False,True
271,9,1,313,1.0,1.0,0.035207271575927734,True,task_0271.json,0.035207271575927734,False,True
272,9,2,314,1.0,1.0,0.03576946258544922,True,task_0272.json,0.03576946258544922,False,True
273,9,3,315,1.0,1.0,0.0352320671081543,True,task_0273.json,0.0352320671081543,False,True
274,9,4,316,1.0,1.0,0.0350956916809082,True,task_0274.json,0.0350956916809082,False,True
275,9,5,317,1.0,1.0,0.03519463539123535,True,task_0275.json,0.03519463539123535,False,True
276,9,6,318,1.0,1.0,0.03501129150390625,True,task_0276.json,0.03501129150390625,False,True
277,9,7,319,1.0,1.0,0.0351412296295166,True,task_0277.json,0.0351412296295166,False,True
278,9,8,320,1.0,1.0,0.035032033920288086,True,task_0278.json,0.035032033920288086,False,True
279,9,9,321,1.0,1.0,0.03508710861206055,True,task_0279.json,0.03508710861206055,False,True
280,9,10,322,1.0,1.0,0.042688846588134766,True,task_0280.json,0.042688846588134766,False,True
281,9,11,323,1.0,1.0,0.036280155181884766,True,task_0281.json,0.036280155181884766,False,True
282,9,12,324,1.0,1.0,0.03633761405944824,True,task_0282.json,0.03633761405944824,False,True
283,9,13,325,1.0,1.0,0.03659486770629883,True,task_0283.json,0.03659486770629883,False,True
284,9,14,326,1.0,1.0,0.036872148513793945,True,task_0284.json,0.036872148513793945,False,True
285,9,15,327,1.0,1.0,0.036098480224609375,True,task_0285.json,0.036098480224609375,False,True
286,9,16,328,1.0,1.0,0.03602266311645508,True,task_0286.json,0.03602266311645508,False,True
287,9,17,329,1.0,1.0,0.03655862808227539,True,task_0287.json,0.03655862808227539,False,True
288,9,18,330,1.0,1.0,0.03512907028198242,True,task_0288.json,0.03512907028198242,False,True
289,9,19,331,1.0,1.0,0.036531686782836914,True,task_0289.json,0.036531686782836914,False,True
290,9,20,332,1.0,1.0,0.03609132766723633,True,task_0290.json,0.03609132766723633,False,True
291,9,21,333,1.0,1.0,0.035599708557128906,True,task_0291.json,0.035599708557128906,False,True
292,9,22,334,1.0,1.0,0.03462052345275879,True,task_0292.json,0.03462052345275879,False,True
293,9,23,335,1.0,1.0,0.03533744812011719,True,task_0293.json,0.03533744812011719,False,True
294,9,24,336,1.0,1.0,0.035675764083862305,True,task_0294.json,0.035675764083862305,False,True
295,9,25,337,1.0,1.0,0.03478646278381348,True,task_0295.json,0.03478646278381348,False,True
296,9,26,338,1.0,1.0,0.035744428634643555,True,task_0296.json,0.035744428634643555,False,True
297,9,27,339,1.0,1.0,0.03620433807373047,True,task_0297.json,0.03620433807373047,False,True
298,9,28,340,1.0,1.0,0.03592824935913086,True,task_0298.json,0.03592824935913086,False,True
299,9,29,341,1.0,1.0,0.03446173667907715,True,task_0299.json,0.03446173667907715,False,True
