p,n_total,n_success,n_timeouts,success_rate,mean_runtime_all,ci_lo,ci_hi
0.23,30,28,2,0.9333333333333333,510.12436367670693,218.41490374108164,875.6252030215659
0.3155555555555556,30,25,5,0.8333333333333334,1122.6726330359777,673.7466158290704,1620.1711153354242
0.4011111111111111,30,12,17,0.4,2638.8828361431756,2159.972282629808,3078.97870562017
0.4866666666666667,30,13,17,0.43333333333333335,2744.011215639114,2308.345972617666,3151.5829155027864
0.5722222222222222,30,5,25,0.16666666666666666,3392.2157566070555,3196.0590184760094,3549.5118713855745
0.6577777777777778,30,4,26,0.13333333333333333,3213.2181840499243,2816.4187963644663,3551.0689847866693
0.7433333333333333,30,4,26,0.13333333333333333,3413.867284250259,3141.785198461215,3583.4673606872557
0.8288888888888888,30,12,13,0.4,2296.732912611961,1786.359459641576,2782.002548833688
0.9144444444444444,30,28,1,0.9333333333333333,544.5430104176204,250.50363641540218,914.2636224718885
1.0,30,30,0,1.0,0.03585030237833659,0.03543928861618042,0.03642926216125489
