run_index,seed,position_among_last_five,time_seconds,score,isomorphic,ged,sequence
0,42,1,0.03496503829956055,0.9751679605834098,False,4.0,"[[""4"", ""8""], [""2"", ""8""], [""1"", ""8""], [""5"", ""7""], [""4"", ""5""], [""3"", ""6""], [""2"", ""7""], [""1"", ""4""], [""1"", ""6""]]"
0,42,2,0.046415090560913086,0.9982095492172444,False,2.0,"[[""3"", ""6""], [""1"", ""8""], [""3"", ""7""], [""6"", ""7""], [""2"", ""5""], [""4"", ""6""], [""2"", ""6""], [""7"", ""8""], [""5"", ""8""]]"
0,42,3,0.2108325958251953,0.998720763366098,False,2.0,"[[""4"", ""7""], [""1"", ""7""], [""6"", ""8""], [""5"", ""6""], [""4"", ""6""], [""1"", ""5""], [""3"", ""4""], [""2"", ""4""], [""2"", ""7""]]"
0,42,4,0.5619995594024658,0.9988456667557744,False,2.0,"[[""4"", ""7""], [""1"", ""2""], [""2"", ""5""], [""3"", ""6""], [""5"", ""7""], [""1"", ""3""], [""2"", ""7""], [""4"", ""8""], [""2"", ""6""]]"
0,42,5,0.5735278129577637,0.9996559480883267,True,0.0,"[[""2"", ""4""], [""1"", ""5""], [""6"", ""7""], [""3"", ""4""], [""4"", ""7""], [""2"", ""5""], [""7"", ""8""], [""1"", ""6""], [""4"", ""8""]]"
1,43,1,0.010898828506469727,0.9946851739316956,False,4.0,"[[""5"", ""7""], [""1"", ""8""], [""1"", ""6""], [""6"", ""8""], [""5"", ""6""], [""2"", ""3""], [""4"", ""7""], [""2"", ""7""], [""3"", ""4""]]"
1,43,2,0.02871227264404297,0.9980578328964959,False,4.0,"[[""4"", ""6""], [""1"", ""4""], [""2"", ""3""], [""7"", ""8""], [""5"", ""6""], [""1"", ""7""], [""4"", ""8""], [""1"", ""8""], [""3"", ""7""]]"
1,43,3,0.4630744457244873,0.9996559480883267,True,0.0,"[[""4"", ""7""], [""2"", ""3""], [""3"", ""5""], [""1"", ""6""], [""6"", ""8""], [""2"", ""6""], [""4"", ""5""], [""1"", ""7""], [""6"", ""7""]]"
2,44,1,0.051943302154541016,0.997246187605812,False,4.0,"[[""5"", ""8""], [""4"", ""5""], [""1"", ""2""], [""3"", ""7""], [""3"", ""5""], [""4"", ""6""], [""1"", ""7""], [""4"", ""7""], [""1"", ""4""]]"
2,44,2,0.1371164321899414,0.9978926125544443,False,4.0,"[[""1"", ""2""], [""1"", ""5""], [""2"", ""7""], [""3"", ""6""], [""1"", ""8""], [""7"", ""8""], [""5"", ""7""], [""2"", ""4""], [""3"", ""8""]]"
2,44,3,0.5619728565216064,0.9987159362274074,False,4.0,"[[""5"", ""8""], [""1"", ""5""], [""2"", ""7""], [""4"", ""7""], [""4"", ""6""], [""2"", ""4""], [""2"", ""5""], [""3"", ""5""], [""7"", ""8""]]"
2,44,4,3.291680335998535,0.9987416257510503,False,2.0,"[[""5"", ""8""], [""7"", ""8""], [""1"", ""4""], [""3"", ""4""], [""3"", ""5""], [""4"", ""7""], [""2"", ""5""], [""6"", ""7""], [""4"", ""6""]]"
2,44,5,5.285490274429321,0.9996559480883267,True,0.0,"[[""5"", ""8""], [""1"", ""5""], [""2"", ""7""], [""4"", ""7""], [""4"", ""6""], [""2"", ""4""], [""3"", ""8""], [""3"", ""4""], [""1"", ""7""]]"
3,45,1,0.37677669525146484,0.9974332442097584,False,2.0,"[[""7"", ""8""], [""4"", ""8""], [""1"", ""2""], [""3"", ""5""], [""4"", ""7""], [""1"", ""8""], [""6"", ""8""], [""1"", ""3""], [""3"", ""7""]]"
3,45,2,0.48533034324645996,0.9979144001143316,False,2.0,"[[""7"", ""8""], [""2"", ""4""], [""4"", ""7""], [""5"", ""6""], [""3"", ""4""], [""1"", ""5""], [""5"", ""8""], [""4"", ""8""], [""1"", ""7""]]"
3,45,3,0.5258293151855469,0.9982095492172444,False,2.0,"[[""7"", ""8""], [""5"", ""7""], [""5"", ""8""], [""2"", ""8""], [""4"", ""7""], [""4"", ""6""], [""1"", ""3""], [""1"", ""4""], [""3"", ""8""]]"
3,45,4,0.5373055934906006,0.9992265770236336,False,4.0,"[[""7"", ""8""], [""5"", ""7""], [""3"", ""8""], [""6"", ""7""], [""3"", ""6""], [""4"", ""6""], [""1"", ""6""], [""3"", ""5""], [""2"", ""3""]]"
3,45,5,0.7436361312866211,0.9996559480883267,True,0.0,"[[""1"", ""4""], [""1"", ""2""], [""3"", ""7""], [""6"", ""7""], [""4"", ""8""], [""3"", ""8""], [""2"", ""6""], [""2"", ""7""], [""2"", ""5""]]"
4,46,1,0.825509786605835,0.9982272398654584,False,4.0,"[[""2"", ""3""], [""4"", ""5""], [""2"", ""7""], [""5"", ""7""], [""4"", ""8""], [""2"", ""6""], [""6"", ""8""], [""6"", ""7""], [""1"", ""4""]]"
4,46,2,1.146390676498413,0.9983141448751226,False,4.0,"[[""2"", ""7""], [""3"", ""6""], [""3"", ""5""], [""1"", ""7""], [""2"", ""6""], [""2"", ""5""], [""1"", ""8""], [""5"", ""7""], [""4"", ""6""]]"
4,46,3,1.4108641147613525,0.998553602598026,False,2.0,"[[""7"", ""8""], [""4"", ""7""], [""1"", ""5""], [""2"", ""4""], [""1"", ""8""], [""2"", ""7""], [""3"", ""6""], [""4"", ""5""], [""3"", ""4""]]"
4,46,4,1.5206241607666016,0.9994311063258491,False,4.0,"[[""1"", ""6""], [""2"", ""5""], [""7"", ""8""], [""2"", ""3""], [""4"", ""7""], [""1"", ""4""], [""2"", ""8""], [""5"", ""8""], [""5"", ""7""]]"
4,46,5,4.756372451782227,0.9996559480883267,True,0.0,"[[""2"", ""7""], [""2"", ""4""], [""2"", ""3""], [""4"", ""7""], [""6"", ""7""], [""5"", ""8""], [""1"", ""2""], [""1"", ""5""], [""6"", ""8""]]"
5,47,1,0.010286092758178711,0.585249105624797,False,10.0,"[[""5"", ""7""], [""7"", ""8""], [""4"", ""7""], [""4"", ""5""], [""6"", ""7""], [""5"", ""8""], [""1"", ""5""], [""5"", ""6""], [""3"", ""5""]]"
5,47,2,0.022400856018066406,0.9635655866226227,False,4.0,"[[""5"", ""7""], [""6"", ""8""], [""3"", ""4""], [""1"", ""6""], [""4"", ""8""], [""4"", ""7""], [""3"", ""6""], [""1"", ""3""], [""2"", ""6""]]"
5,47,3,0.03386545181274414,0.9996559480883267,True,0.0,"[[""5"", ""7""], [""6"", ""8""], [""2"", ""6""], [""1"", ""6""], [""3"", ""5""], [""3"", ""4""], [""1"", ""4""], [""6"", ""7""], [""2"", ""7""]]"
6,48,1,0.05080533027648926,0.9955151426989589,False,4.0,"[[""3"", ""4""], [""3"", ""7""], [""5"", ""8""], [""1"", ""4""], [""6"", ""8""], [""2"", ""8""], [""4"", ""5""], [""7"", ""8""], [""4"", ""7""]]"
6,48,2,0.08965563774108887,0.9956086702091019,False,4.0,"[[""3"", ""7""], [""4"", ""7""], [""1"", ""4""], [""1"", ""3""], [""5"", ""6""], [""4"", ""8""], [""1"", ""2""], [""7"", ""8""], [""3"", ""6""]]"
6,48,3,0.12175202369689941,0.9983301180292254,False,2.0,"[[""3"", ""5""], [""1"", ""5""], [""2"", ""4""], [""3"", ""8""], [""1"", ""6""], [""6"", ""7""], [""2"", ""7""], [""1"", ""7""], [""1"", ""3""]]"
6,48,4,1.336909532546997,0.9987416257510503,False,2.0,"[[""1"", ""2""], [""4"", ""5""], [""5"", ""6""], [""3"", ""7""], [""5"", ""7""], [""6"", ""7""], [""2"", ""8""], [""2"", ""3""], [""5"", ""8""]]"
6,48,5,1.6589882373809814,0.9996559480883267,True,0.0,"[[""6"", ""8""], [""3"", ""6""], [""5"", ""7""], [""1"", ""7""], [""4"", ""8""], [""2"", ""3""], [""3"", ""7""], [""1"", ""3""], [""4"", ""5""]]"
7,49,1,0.022327899932861328,0.9955158616823772,False,4.0,"[[""2"", ""3""], [""4"", ""7""], [""3"", ""6""], [""4"", ""8""], [""5"", ""8""], [""1"", ""4""], [""2"", ""5""], [""7"", ""8""], [""3"", ""7""]]"
7,49,2,0.03379964828491211,0.9957794317384254,False,4.0,"[[""6"", ""8""], [""1"", ""3""], [""1"", ""4""], [""4"", ""7""], [""2"", ""6""], [""2"", ""7""], [""4"", ""5""], [""4"", ""8""], [""1"", ""7""]]"
7,49,3,0.062459707260131836,0.9978926125544443,False,4.0,"[[""1"", ""6""], [""2"", ""8""], [""6"", ""7""], [""1"", ""4""], [""3"", ""4""], [""4"", ""7""], [""5"", ""7""], [""2"", ""6""], [""1"", ""5""]]"
7,49,4,0.7214598655700684,0.9982272398654584,False,4.0,"[[""6"", ""7""], [""5"", ""8""], [""3"", ""6""], [""2"", ""5""], [""7"", ""8""], [""1"", ""3""], [""2"", ""6""], [""4"", ""5""], [""3"", ""7""]]"
7,49,5,0.7501587867736816,0.9996559480883267,True,0.0,"[[""6"", ""7""], [""5"", ""8""], [""1"", ""6""], [""3"", ""7""], [""4"", ""6""], [""2"", ""8""], [""2"", ""3""], [""1"", ""7""], [""5"", ""6""]]"
8,50,1,1.954737901687622,0.9987416257510503,False,2.0,"[[""1"", ""7""], [""4"", ""7""], [""1"", ""6""], [""2"", ""4""], [""5"", ""7""], [""6"", ""8""], [""4"", ""8""], [""4"", ""5""], [""3"", ""6""]]"
8,50,2,2.0400471687316895,0.9988456667557744,False,2.0,"[[""6"", ""8""], [""1"", ""7""], [""4"", ""7""], [""2"", ""3""], [""2"", ""7""], [""4"", ""8""], [""5"", ""6""], [""1"", ""4""], [""4"", ""5""]]"
8,50,3,4.940518617630005,0.9993920182291961,False,2.0,"[[""6"", ""8""], [""1"", ""7""], [""4"", ""7""], [""2"", ""3""], [""3"", ""4""], [""2"", ""4""], [""6"", ""7""], [""5"", ""8""], [""1"", ""4""]]"
8,50,4,9.272668838500977,0.9994311063258491,False,4.0,"[[""6"", ""8""], [""1"", ""7""], [""4"", ""7""], [""2"", ""3""], [""3"", ""4""], [""1"", ""5""], [""5"", ""7""], [""1"", ""8""], [""5"", ""8""]]"
8,50,5,13.311356782913208,0.9996559480883267,True,0.0,"[[""6"", ""8""], [""1"", ""7""], [""4"", ""7""], [""2"", ""3""], [""3"", ""4""], [""1"", ""5""], [""3"", ""8""], [""3"", ""7""], [""5"", ""6""]]"
9,51,1,0.009694337844848633,0.998553602598026,False,2.0,"[[""6"", ""7""], [""3"", ""7""], [""4"", ""5""], [""4"", ""7""], [""2"", ""8""], [""2"", ""6""], [""1"", ""6""], [""3"", ""6""], [""1"", ""5""]]"
9,51,2,0.23575401306152344,0.9988456667557744,False,2.0,"[[""1"", ""3""], [""2"", ""8""], [""3"", ""7""], [""5"", ""6""], [""5"", ""7""], [""6"", ""7""], [""2"", ""6""], [""4"", ""8""], [""4"", ""6""]]"
9,51,3,2.0448007583618164,0.9996559480883267,True,0.0,"[[""2"", ""8""], [""5"", ""8""], [""3"", ""5""], [""3"", ""4""], [""3"", ""7""], [""6"", ""7""], [""2"", ""6""], [""1"", ""3""], [""1"", ""7""]]"
10,52,1,0.15282273292541504,0.9960606684929308,False,4.0,"[[""6"", ""8""], [""7"", ""8""], [""2"", ""3""], [""3"", ""4""], [""3"", ""8""], [""2"", ""4""], [""1"", ""7""], [""4"", ""7""], [""3"", ""5""]]"
10,52,2,0.20940876007080078,0.9975415270069564,False,4.0,"[[""1"", ""6""], [""3"", ""4""], [""3"", ""5""], [""7"", ""8""], [""1"", ""7""], [""6"", ""8""], [""1"", ""2""], [""1"", ""3""], [""4"", ""7""]]"
10,52,3,0.32833266258239746,0.9993920182291961,False,2.0,"[[""1"", ""3""], [""1"", ""7""], [""3"", ""7""], [""2"", ""3""], [""4"", ""5""], [""2"", ""6""], [""7"", ""8""], [""5"", ""8""], [""3"", ""6""]]"
10,52,4,14.438079833984375,0.9994311063258491,False,4.0,"[[""1"", ""7""], [""4"", ""5""], [""2"", ""3""], [""5"", ""8""], [""6"", ""7""], [""1"", ""8""], [""3"", ""6""], [""7"", ""8""], [""1"", ""5""]]"
10,52,5,44.21229958534241,0.9996559480883267,True,0.0,"[[""1"", ""3""], [""1"", ""7""], [""4"", ""8""], [""3"", ""4""], [""2"", ""8""], [""3"", ""7""], [""3"", ""6""], [""2"", ""5""], [""5"", ""7""]]"
11,53,1,0.0621340274810791,0.9970333536622437,False,4.0,"[[""1"", ""6""], [""5"", ""6""], [""3"", ""7""], [""6"", ""7""], [""3"", ""8""], [""4"", ""7""], [""2"", ""3""], [""2"", ""6""], [""5"", ""8""]]"
11,53,2,0.20430612564086914,0.9982259643536889,False,2.0,"[[""5"", ""7""], [""2"", ""3""], [""4"", ""7""], [""2"", ""7""], [""1"", ""8""], [""6"", ""8""], [""4"", ""6""], [""5"", ""8""], [""2"", ""5""]]"
11,53,3,0.3629624843597412,0.9982940678703173,False,2.0,"[[""2"", ""4""], [""1"", ""3""], [""5"", ""8""], [""2"", ""7""], [""1"", ""8""], [""3"", ""7""], [""3"", ""6""], [""4"", ""7""], [""4"", ""5""]]"
11,53,4,2.1510260105133057,0.9994311063258491,False,4.0,"[[""2"", ""4""], [""3"", ""7""], [""4"", ""8""], [""1"", ""3""], [""1"", ""5""], [""3"", ""5""], [""1"", ""7""], [""7"", ""8""], [""5"", ""6""]]"
11,53,5,46.50934958457947,0.9996559480883267,True,0.0,"[[""2"", ""5""], [""4"", ""8""], [""2"", ""6""], [""4"", ""7""], [""1"", ""6""], [""5"", ""8""], [""6"", ""7""], [""1"", ""7""], [""3"", ""6""]]"
12,54,1,0.10767436027526855,0.9948685997360316,False,2.0,"[[""1"", ""7""], [""5"", ""7""], [""4"", ""5""], [""2"", ""4""], [""3"", ""4""], [""1"", ""6""], [""2"", ""6""], [""6"", ""7""], [""3"", ""8""]]"
12,54,2,0.19997954368591309,0.9988827912096139,False,4.0,"[[""4"", ""6""], [""1"", ""4""], [""3"", ""8""], [""2"", ""8""], [""3"", ""6""], [""6"", ""7""], [""5"", ""8""], [""5"", ""7""], [""3"", ""7""]]"
12,54,3,2.6170246601104736,0.9993920182291961,False,2.0,"[[""6"", ""8""], [""1"", ""5""], [""4"", ""7""], [""2"", ""8""], [""3"", ""6""], [""6"", ""7""], [""2"", ""6""], [""4"", ""5""], [""3"", ""7""]]"
12,54,4,3.241574764251709,0.9994311063258491,False,4.0,"[[""3"", ""7""], [""2"", ""5""], [""4"", ""5""], [""1"", ""6""], [""1"", ""7""], [""2"", ""7""], [""6"", ""8""], [""2"", ""3""], [""3"", ""5""]]"
12,54,5,7.580443382263184,0.9996559480883267,True,0.0,"[[""3"", ""7""], [""5"", ""6""], [""1"", ""8""], [""4"", ""6""], [""2"", ""6""], [""1"", ""5""], [""2"", ""7""], [""6"", ""7""], [""3"", ""8""]]"
13,55,1,0.25176215171813965,0.9959758409382888,False,4.0,"[[""1"", ""7""], [""4"", ""8""], [""2"", ""3""], [""5"", ""6""], [""3"", ""5""], [""1"", ""2""], [""7"", ""8""], [""3"", ""7""], [""4"", ""5""]]"
13,55,2,0.3048417568206787,0.998720763366098,False,2.0,"[[""4"", ""5""], [""3"", ""7""], [""4"", ""8""], [""1"", ""7""], [""2"", ""8""], [""1"", ""6""], [""1"", ""4""], [""1"", ""3""], [""2"", ""7""]]"
13,55,3,0.7607660293579102,0.9987416257510503,False,2.0,"[[""3"", ""6""], [""1"", ""4""], [""6"", ""7""], [""1"", ""8""], [""2"", ""7""], [""2"", ""6""], [""4"", ""6""], [""7"", ""8""], [""1"", ""5""]]"
13,55,4,1.403970718383789,0.9993920182291961,False,2.0,"[[""4"", ""5""], [""3"", ""7""], [""3"", ""8""], [""6"", ""7""], [""1"", ""8""], [""2"", ""3""], [""1"", ""3""], [""4"", ""6""], [""2"", ""7""]]"
13,55,5,2.8851242065429688,0.9996559480883267,True,0.0,"[[""3"", ""5""], [""5"", ""6""], [""2"", ""7""], [""1"", ""2""], [""2"", ""4""], [""1"", ""3""], [""7"", ""8""], [""2"", ""8""], [""6"", ""7""]]"
14,56,1,0.07375717163085938,0.9931001915199512,False,2.0,"[[""3"", ""7""], [""4"", ""6""], [""7"", ""8""], [""2"", ""3""], [""6"", ""7""], [""1"", ""6""], [""3"", ""8""], [""1"", ""5""], [""6"", ""8""]]"
14,56,2,0.09062600135803223,0.9975010165597579,False,4.0,"[[""3"", ""6""], [""1"", ""8""], [""5"", ""8""], [""6"", ""7""], [""2"", ""4""], [""7"", ""8""], [""1"", ""7""], [""1"", ""3""], [""4"", ""6""]]"
14,56,3,0.14096355438232422,0.9978926125544443,False,4.0,"[[""1"", ""5""], [""3"", ""6""], [""5"", ""6""], [""5"", ""7""], [""2"", ""8""], [""3"", ""7""], [""4"", ""8""], [""2"", ""6""], [""2"", ""7""]]"
14,56,4,0.28870725631713867,0.9981066834781229,False,2.0,"[[""4"", ""7""], [""1"", ""2""], [""1"", ""6""], [""1"", ""7""], [""3"", ""4""], [""1"", ""5""], [""3"", ""8""], [""5"", ""7""], [""4"", ""8""]]"
14,56,5,0.9011163711547852,0.9996559480883267,True,0.0,"[[""1"", ""6""], [""1"", ""7""], [""3"", ""4""], [""5"", ""7""], [""6"", ""7""], [""2"", ""5""], [""3"", ""6""], [""6"", ""8""], [""2"", ""4""]]"
15,57,1,0.07429909706115723,0.9969060738622928,False,4.0,"[[""4"", ""5""], [""4"", ""7""], [""7"", ""8""], [""1"", ""7""], [""6"", ""8""], [""3"", ""6""], [""1"", ""5""], [""1"", ""6""], [""2"", ""3""]]"
15,57,2,0.09941768646240234,0.9979412332845125,False,4.0,"[[""3"", ""5""], [""2"", ""3""], [""1"", ""4""], [""4"", ""7""], [""4"", ""8""], [""1"", ""8""], [""5"", ""7""], [""6"", ""7""], [""5"", ""6""]]"
15,57,3,0.31065845489501953,0.998720763366098,False,2.0,"[[""4"", ""5""], [""4"", ""7""], [""3"", ""8""], [""3"", ""4""], [""3"", ""6""], [""1"", ""7""], [""1"", ""6""], [""2"", ""4""], [""5"", ""7""]]"
15,57,4,0.6866536140441895,0.9988827912096139,False,4.0,"[[""3"", ""6""], [""2"", ""7""], [""7"", ""8""], [""5"", ""7""], [""5"", ""6""], [""4"", ""8""], [""2"", ""8""], [""1"", ""4""], [""2"", ""6""]]"
15,57,5,1.335266351699829,0.9996559480883267,True,0.0,"[[""3"", ""6""], [""2"", ""3""], [""1"", ""4""], [""1"", ""8""], [""4"", ""7""], [""5"", ""7""], [""6"", ""8""], [""3"", ""7""], [""3"", ""5""]]"
16,58,1,0.22680068016052246,0.9971880720075414,False,4.0,"[[""3"", ""7""], [""3"", ""6""], [""3"", ""4""], [""2"", ""7""], [""7"", ""8""], [""4"", ""6""], [""1"", ""8""], [""4"", ""8""], [""3"", ""5""]]"
16,58,2,0.26861119270324707,0.9972095117815664,False,4.0,"[[""3"", ""7""], [""3"", ""5""], [""1"", ""7""], [""1"", ""8""], [""3"", ""6""], [""1"", ""5""], [""4"", ""7""], [""2"", ""8""], [""4"", ""6""]]"
16,58,3,0.2853124141693115,0.9981059626235563,False,4.0,"[[""3"", ""7""], [""3"", ""8""], [""1"", ""8""], [""2"", ""7""], [""4"", ""8""], [""5"", ""6""], [""3"", ""6""], [""7"", ""8""], [""1"", ""2""]]"
16,58,4,1.2344846725463867,0.998553602598026,False,2.0,"[[""5"", ""6""], [""3"", ""4""], [""7"", ""8""], [""1"", ""8""], [""2"", ""8""], [""2"", ""6""], [""5"", ""7""], [""3"", ""8""], [""1"", ""7""]]"
16,58,5,1.791245698928833,0.9996559480883267,True,0.0,"[[""1"", ""3""], [""3"", ""7""], [""5"", ""8""], [""1"", ""4""], [""6"", ""8""], [""1"", ""2""], [""1"", ""7""], [""4"", ""5""], [""6"", ""7""]]"
17,59,1,0.006287336349487305,0.9701456044094631,False,2.0,"[[""1"", ""7""], [""1"", ""6""], [""1"", ""4""], [""4"", ""6""], [""2"", ""7""], [""6"", ""8""], [""2"", ""8""], [""1"", ""5""], [""1"", ""3""]]"
17,59,2,0.014551639556884766,0.9735578262684306,False,4.0,"[[""5"", ""7""], [""6"", ""8""], [""1"", ""4""], [""4"", ""5""], [""3"", ""7""], [""3"", ""8""], [""2"", ""8""], [""2"", ""6""], [""5"", ""8""]]"
17,59,3,0.020140886306762695,0.9986787624927411,False,4.0,"[[""2"", ""8""], [""1"", ""2""], [""2"", ""5""], [""3"", ""6""], [""4"", ""7""], [""7"", ""8""], [""4"", ""8""], [""2"", ""4""], [""6"", ""7""]]"
17,59,4,0.9335625171661377,0.9996559480883267,True,0.0,"[[""2"", ""3""], [""1"", ""8""], [""5"", ""6""], [""7"", ""8""], [""3"", ""7""], [""2"", ""7""], [""3"", ""5""], [""1"", ""6""], [""3"", ""4""]]"
18,60,1,0.8788580894470215,0.998553602598026,False,2.0,"[[""2"", ""7""], [""1"", ""3""], [""4"", ""5""], [""2"", ""3""], [""7"", ""8""], [""6"", ""8""], [""1"", ""6""], [""4"", ""6""], [""6"", ""7""]]"
18,60,2,1.2503249645233154,0.9988827912096139,False,4.0,"[[""4"", ""8""], [""1"", ""7""], [""1"", ""5""], [""1"", ""2""], [""6"", ""7""], [""3"", ""5""], [""2"", ""8""], [""6"", ""8""], [""2"", ""7""]]"
18,60,3,4.075575828552246,0.9993920182291961,False,2.0,"[[""2"", ""4""], [""2"", ""7""], [""6"", ""7""], [""3"", ""8""], [""1"", ""2""], [""5"", ""8""], [""5"", ""7""], [""1"", ""4""], [""2"", ""6""]]"
18,60,4,14.51448392868042,0.9994311063258491,False,4.0,"[[""4"", ""7""], [""6"", ""7""], [""3"", ""6""], [""2"", ""3""], [""2"", ""5""], [""2"", ""6""], [""3"", ""7""], [""1"", ""8""], [""4"", ""8""]]"
18,60,5,16.431937217712402,0.9996559480883267,True,0.0,"[[""4"", ""7""], [""3"", ""4""], [""5"", ""7""], [""1"", ""2""], [""4"", ""5""], [""2"", ""6""], [""6"", ""7""], [""1"", ""3""], [""4"", ""8""]]"
19,61,1,0.037813425064086914,0.974886394403777,False,4.0,"[[""2"", ""7""], [""6"", ""8""], [""5"", ""6""], [""4"", ""6""], [""3"", ""4""], [""1"", ""3""], [""2"", ""5""], [""2"", ""4""], [""7"", ""8""]]"
19,61,2,0.054617881774902344,0.9956116017278357,False,4.0,"[[""2"", ""8""], [""6"", ""7""], [""1"", ""7""], [""3"", ""4""], [""3"", ""7""], [""1"", ""5""], [""4"", ""8""], [""5"", ""8""], [""5"", ""6""]]"
19,61,3,0.12208890914916992,0.996063490668823,False,4.0,"[[""2"", ""8""], [""6"", ""7""], [""2"", ""7""], [""3"", ""5""], [""1"", ""4""], [""3"", ""8""], [""2"", ""4""], [""3"", ""7""], [""4"", ""6""]]"
19,61,4,0.18985223770141602,0.9979412332845125,False,4.0,"[[""1"", ""2""], [""4"", ""7""], [""1"", ""7""], [""3"", ""8""], [""7"", ""8""], [""4"", ""8""], [""2"", ""5""], [""3"", ""6""], [""1"", ""5""]]"
19,61,5,0.4772062301635742,0.9996559480883267,True,0.0,"[[""2"", ""7""], [""3"", ""7""], [""1"", ""3""], [""4"", ""5""], [""7"", ""8""], [""2"", ""4""], [""1"", ""5""], [""3"", ""6""], [""3"", ""8""]]"
20,62,1,0.05572104454040527,0.9971984871373502,False,2.0,"[[""3"", ""5""], [""4"", ""7""], [""1"", ""8""], [""2"", ""6""], [""3"", ""7""], [""1"", ""7""], [""2"", ""5""], [""4"", ""6""], [""1"", ""4""]]"
20,62,2,0.12795472145080566,0.9975010165597579,False,4.0,"[[""2"", ""8""], [""2"", ""5""], [""1"", ""4""], [""4"", ""5""], [""2"", ""7""], [""1"", ""7""], [""3"", ""8""], [""4"", ""7""], [""1"", ""6""]]"
20,62,3,0.3176703453063965,0.9980935418266399,False,2.0,"[[""7"", ""8""], [""2"", ""8""], [""2"", ""4""], [""2"", ""6""], [""2"", ""7""], [""5"", ""7""], [""1"", ""4""], [""1"", ""2""], [""3"", ""5""]]"
20,62,4,0.636023998260498,0.998553602598026,False,2.0,"[[""4"", ""7""], [""4"", ""5""], [""3"", ""6""], [""5"", ""7""], [""3"", ""7""], [""1"", ""5""], [""1"", ""2""], [""6"", ""8""], [""5"", ""8""]]"
20,62,5,0.8236680030822754,0.9996559480883267,True,0.0,"[[""7"", ""8""], [""2"", ""7""], [""3"", ""7""], [""4"", ""5""], [""1"", ""5""], [""2"", ""3""], [""3"", ""6""], [""1"", ""3""], [""4"", ""8""]]"
21,63,1,0.03683948516845703,0.9969060738622928,False,4.0,"[[""1"", ""7""], [""6"", ""7""], [""3"", ""5""], [""7"", ""8""], [""4"", ""5""], [""2"", ""8""], [""3"", ""6""], [""1"", ""3""], [""1"", ""2""]]"
21,63,2,0.09508609771728516,0.9980578328964959,False,4.0,"[[""3"", ""6""], [""1"", ""7""], [""6"", ""7""], [""2"", ""4""], [""2"", ""8""], [""4"", ""5""], [""5"", ""7""], [""1"", ""4""], [""1"", ""5""]]"
21,63,3,0.12976670265197754,0.9982272398654584,False,4.0,"[[""3"", ""6""], [""4"", ""6""], [""1"", ""2""], [""5"", ""7""], [""6"", ""7""], [""2"", ""5""], [""3"", ""7""], [""3"", ""8""], [""2"", ""4""]]"
21,63,4,1.3267467021942139,0.9987416257510503,False,2.0,"[[""3"", ""6""], [""4"", ""6""], [""5"", ""8""], [""3"", ""7""], [""6"", ""7""], [""1"", ""7""], [""1"", ""8""], [""4"", ""8""], [""2"", ""6""]]"
21,63,5,5.546163320541382,0.9996559480883267,True,0.0,"[[""2"", ""8""], [""1"", ""8""], [""5"", ""6""], [""1"", ""7""], [""3"", ""5""], [""4"", ""6""], [""4"", ""8""], [""7"", ""8""], [""3"", ""7""]]"
22,64,1,1.29716157913208,0.9982272398654584,False,4.0,"[[""3"", ""6""], [""3"", ""4""], [""1"", ""7""], [""2"", ""5""], [""7"", ""8""], [""1"", ""2""], [""1"", ""6""], [""3"", ""8""], [""2"", ""7""]]"
22,64,2,1.3995568752288818,0.998553602598026,False,2.0,"[[""1"", ""2""], [""6"", ""7""], [""1"", ""4""], [""3"", ""4""], [""3"", ""7""], [""3"", ""5""], [""5"", ""8""], [""2"", ""7""], [""3"", ""6""]]"
22,64,3,1.4737770557403564,0.998720763366098,False,2.0,"[[""2"", ""7""], [""3"", ""7""], [""6"", ""8""], [""2"", ""5""], [""4"", ""6""], [""2"", ""4""], [""1"", ""4""], [""7"", ""8""], [""2"", ""3""]]"
22,64,4,3.230792999267578,0.9987416257510503,False,2.0,"[[""2"", ""7""], [""3"", ""7""], [""1"", ""5""], [""6"", ""8""], [""3"", ""8""], [""4"", ""5""], [""2"", ""5""], [""1"", ""8""], [""7"", ""8""]]"
22,64,5,4.619581460952759,0.9996559480883267,True,0.0,"[[""2"", ""7""], [""3"", ""7""], [""6"", ""8""], [""2"", ""5""], [""4"", ""6""], [""2"", ""4""], [""1"", ""2""], [""1"", ""7""], [""3"", ""8""]]"
23,65,1,0.2534956932067871,0.9975010165597579,False,4.0,"[[""1"", ""3""], [""4"", ""6""], [""2"", ""7""], [""3"", ""4""], [""4"", ""7""], [""5"", ""8""], [""3"", ""7""], [""2"", ""8""], [""1"", ""2""]]"
23,65,2,0.8068487644195557,0.9975415270069564,False,4.0,"[[""6"", ""8""], [""1"", ""7""], [""4"", ""5""], [""3"", ""6""], [""4"", ""7""], [""3"", ""7""], [""1"", ""6""], [""1"", ""2""], [""1"", ""5""]]"
23,65,3,1.5346133708953857,0.9983141448751226,False,4.0,"[[""4"", ""8""], [""1"", ""3""], [""3"", ""7""], [""1"", ""5""], [""7"", ""8""], [""2"", ""5""], [""2"", ""3""], [""1"", ""7""], [""2"", ""6""]]"
23,65,4,1.7201979160308838,0.9988827912096139,False,4.0,"[[""6"", ""8""], [""1"", ""6""], [""2"", ""8""], [""4"", ""7""], [""3"", ""5""], [""7"", ""8""], [""2"", ""7""], [""4"", ""5""], [""2"", ""5""]]"
23,65,5,2.3296568393707275,0.9996559480883267,True,0.0,"[[""6"", ""8""], [""1"", ""7""], [""2"", ""5""], [""4"", ""5""], [""5"", ""7""], [""3"", ""5""], [""1"", ""6""], [""4"", ""7""], [""3"", ""8""]]"
24,66,1,0.008498668670654297,0.9930799986880182,False,4.0,"[[""1"", ""6""], [""5"", ""7""], [""4"", ""8""], [""4"", ""7""], [""1"", ""3""], [""6"", ""8""], [""5"", ""8""], [""1"", ""5""], [""2"", ""7""]]"
24,66,2,0.03876852989196777,0.997341983243166,False,4.0,"[[""2"", ""8""], [""3"", ""4""], [""4"", ""5""], [""2"", ""5""], [""5"", ""7""], [""1"", ""2""], [""2"", ""6""], [""3"", ""7""], [""7"", ""8""]]"
24,66,3,0.07543182373046875,0.9982272398654584,False,4.0,"[[""2"", ""3""], [""3"", ""7""], [""3"", ""8""], [""5"", ""6""], [""5"", ""8""], [""2"", ""7""], [""4"", ""5""], [""6"", ""7""], [""1"", ""2""]]"
24,66,4,0.4649810791015625,0.9987416257510503,False,2.0,"[[""5"", ""7""], [""2"", ""3""], [""3"", ""5""], [""1"", ""5""], [""2"", ""4""], [""7"", ""8""], [""5"", ""8""], [""2"", ""6""], [""4"", ""7""]]"
24,66,5,1.111405849456787,0.9996559480883267,True,0.0,"[[""7"", ""8""], [""3"", ""8""], [""1"", ""8""], [""1"", ""5""], [""2"", ""7""], [""2"", ""8""], [""4"", ""6""], [""4"", ""7""], [""5"", ""6""]]"
25,67,1,0.5007312297821045,0.9982259643536889,False,2.0,"[[""7"", ""8""], [""4"", ""7""], [""4"", ""8""], [""1"", ""6""], [""4"", ""6""], [""2"", ""6""], [""3"", ""8""], [""1"", ""5""], [""5"", ""7""]]"
25,67,2,1.6512160301208496,0.9982940678703173,False,2.0,"[[""6"", ""8""], [""2"", ""7""], [""4"", ""8""], [""4"", ""7""], [""3"", ""6""], [""1"", ""3""], [""1"", ""2""], [""7"", ""8""], [""2"", ""5""]]"
25,67,3,2.050757646560669,0.9988456667557744,False,2.0,"[[""7"", ""8""], [""4"", ""7""], [""1"", ""3""], [""2"", ""8""], [""2"", ""5""], [""4"", ""8""], [""5"", ""6""], [""6"", ""8""], [""1"", ""7""]]"
25,67,4,2.7160329818725586,0.9988827912096139,False,4.0,"[[""7"", ""8""], [""4"", ""5""], [""3"", ""6""], [""3"", ""8""], [""2"", ""8""], [""2"", ""5""], [""1"", ""3""], [""6"", ""7""], [""2"", ""7""]]"
25,67,5,8.255934000015259,0.9996559480883267,True,0.0,"[[""7"", ""8""], [""4"", ""7""], [""1"", ""5""], [""1"", ""7""], [""2"", ""3""], [""1"", ""8""], [""2"", ""6""], [""1"", ""3""], [""4"", ""6""]]"
26,68,1,0.02658843994140625,0.996790550219149,False,4.0,"[[""1"", ""7""], [""5"", ""8""], [""3"", ""5""], [""7"", ""8""], [""3"", ""6""], [""4"", ""8""], [""2"", ""6""], [""6"", ""7""], [""2"", ""4""]]"
26,68,2,0.09088635444641113,0.9975010165597579,False,4.0,"[[""2"", ""5""], [""2"", ""3""], [""5"", ""7""], [""4"", ""8""], [""7"", ""8""], [""4"", ""6""], [""1"", ""5""], [""4"", ""7""], [""1"", ""8""]]"
26,68,3,0.21988296508789062,0.9982102146904991,False,4.0,"[[""1"", ""7""], [""5"", ""8""], [""1"", ""4""], [""3"", ""7""], [""4"", ""6""], [""1"", ""3""], [""2"", ""7""], [""3"", ""5""], [""2"", ""8""]]"
26,68,4,0.8444933891296387,0.9988456667557744,False,2.0,"[[""3"", ""7""], [""4"", ""7""], [""6"", ""7""], [""4"", ""8""], [""2"", ""6""], [""1"", ""5""], [""1"", ""4""], [""5"", ""8""], [""3"", ""4""]]"
26,68,5,1.991084337234497,0.9996559480883267,True,0.0,"[[""6"", ""7""], [""2"", ""5""], [""2"", ""8""], [""2"", ""7""], [""1"", ""6""], [""3"", ""7""], [""4"", ""8""], [""2"", ""3""], [""1"", ""4""]]"
27,69,1,0.08657646179199219,0.9973363870621827,False,4.0,"[[""6"", ""8""], [""2"", ""8""], [""1"", ""7""], [""1"", ""5""], [""3"", ""7""], [""1"", ""4""], [""2"", ""3""], [""4"", ""8""], [""2"", ""7""]]"
27,69,2,0.12026548385620117,0.9981059626235563,False,4.0,"[[""6"", ""8""], [""2"", ""4""], [""1"", ""5""], [""2"", ""3""], [""3"", ""6""], [""5"", ""7""], [""1"", ""2""], [""3"", ""7""], [""2"", ""7""]]"
27,69,3,1.0659270286560059,0.9988827912096139,False,4.0,"[[""4"", ""8""], [""2"", ""5""], [""1"", ""7""], [""2"", ""7""], [""5"", ""8""], [""1"", ""3""], [""5"", ""7""], [""3"", ""6""], [""2"", ""3""]]"
27,69,4,2.3797192573547363,0.9994311063258491,False,4.0,"[[""4"", ""8""], [""1"", ""6""], [""5"", ""7""], [""3"", ""4""], [""2"", ""5""], [""3"", ""7""], [""5"", ""6""], [""2"", ""7""], [""2"", ""6""]]"
27,69,5,21.88343596458435,0.9996559480883267,True,0.0,"[[""4"", ""8""], [""1"", ""6""], [""5"", ""7""], [""2"", ""7""], [""3"", ""4""], [""1"", ""3""], [""5"", ""6""], [""4"", ""7""], [""2"", ""4""]]"
28,70,1,0.33220815658569336,0.9982272398654584,False,4.0,"[[""1"", ""7""], [""1"", ""4""], [""4"", ""8""], [""6"", ""7""], [""2"", ""7""], [""2"", ""6""], [""4"", ""5""], [""5"", ""6""], [""2"", ""3""]]"
28,70,2,3.042907953262329,0.9983301180292254,False,2.0,"[[""2"", ""7""], [""4"", ""7""], [""3"", ""8""], [""3"", ""6""], [""1"", ""4""], [""1"", ""3""], [""1"", ""7""], [""1"", ""8""], [""2"", ""5""]]"
28,70,3,3.1989450454711914,0.9987416257510503,False,2.0,"[[""2"", ""6""], [""3"", ""7""], [""5"", ""6""], [""7"", ""8""], [""3"", ""6""], [""1"", ""8""], [""5"", ""8""], [""4"", ""8""], [""1"", ""7""]]"
28,70,4,3.373906135559082,0.9992265770236336,False,4.0,"[[""6"", ""8""], [""2"", ""7""], [""7"", ""8""], [""4"", ""7""], [""4"", ""6""], [""4"", ""5""], [""2"", ""6""], [""3"", ""4""], [""1"", ""6""]]"
28,70,5,4.302856922149658,0.9996559480883267,True,0.0,"[[""2"", ""7""], [""7"", ""8""], [""6"", ""8""], [""4"", ""7""], [""3"", ""6""], [""1"", ""8""], [""4"", ""5""], [""3"", ""5""], [""2"", ""8""]]"
29,71,1,0.5681726932525635,0.9980852244151139,False,4.0,"[[""2"", ""5""], [""5"", ""7""], [""5"", ""6""], [""1"", ""2""], [""3"", ""5""], [""7"", ""8""], [""6"", ""8""], [""1"", ""7""], [""3"", ""4""]]"
29,71,2,0.8477210998535156,0.9982102146904991,False,4.0,"[[""2"", ""7""], [""1"", ""7""], [""1"", ""2""], [""4"", ""8""], [""1"", ""8""], [""3"", ""6""], [""2"", ""3""], [""5"", ""6""], [""5"", ""7""]]"
29,71,3,1.6605019569396973,0.9982940678703173,False,2.0,"[[""1"", ""4""], [""3"", ""8""], [""5"", ""8""], [""2"", ""7""], [""3"", ""4""], [""1"", ""7""], [""4"", ""7""], [""2"", ""5""], [""2"", ""6""]]"
29,71,4,3.3248910903930664,0.998720763366098,False,2.0,"[[""2"", ""5""], [""5"", ""8""], [""1"", ""5""], [""1"", ""4""], [""2"", ""3""], [""4"", ""7""], [""2"", ""7""], [""2"", ""6""], [""3"", ""7""]]"
29,71,5,7.142562389373779,0.9996559480883267,True,0.0,"[[""2"", ""5""], [""5"", ""7""], [""1"", ""7""], [""3"", ""4""], [""7"", ""8""], [""2"", ""3""], [""4"", ""8""], [""1"", ""5""], [""5"", ""6""]]"
30,72,1,0.010294675827026367,0.9720739580486272,False,4.0,"[[""4"", ""6""], [""4"", ""7""], [""1"", ""2""], [""5"", ""6""], [""4"", ""8""], [""1"", ""8""], [""3"", ""8""], [""1"", ""6""], [""3"", ""7""]]"
30,72,2,0.035712242126464844,0.997117606540262,False,4.0,"[[""2"", ""7""], [""1"", ""8""], [""4"", ""5""], [""1"", ""6""], [""3"", ""8""], [""4"", ""8""], [""4"", ""7""], [""2"", ""8""], [""3"", ""7""]]"
30,72,3,0.1726245880126953,0.998720763366098,False,2.0,"[[""4"", ""6""], [""1"", ""6""], [""3"", ""4""], [""5"", ""7""], [""3"", ""5""], [""6"", ""7""], [""2"", ""6""], [""1"", ""7""], [""4"", ""8""]]"
30,72,4,4.59746527671814,0.9996559480883267,True,0.0,"[[""7"", ""8""], [""3"", ""5""], [""1"", ""3""], [""1"", ""7""], [""1"", ""2""], [""5"", ""6""], [""4"", ""6""], [""1"", ""8""], [""4"", ""7""]]"
31,73,1,3.6457645893096924,0.998720763366098,False,2.0,"[[""1"", ""3""], [""4"", ""7""], [""4"", ""6""], [""2"", ""7""], [""5"", ""8""], [""1"", ""4""], [""1"", ""8""], [""2"", ""4""], [""5"", ""7""]]"
31,73,2,4.05173134803772,0.9987416257510503,False,2.0,"[[""1"", ""8""], [""4"", ""7""], [""1"", ""5""], [""6"", ""8""], [""1"", ""2""], [""4"", ""6""], [""6"", ""7""], [""5"", ""7""], [""3"", ""6""]]"
31,73,3,8.799832582473755,0.9988827912096139,False,4.0,"[[""1"", ""8""], [""5"", ""7""], [""2"", ""6""], [""1"", ""4""], [""2"", ""8""], [""7"", ""8""], [""1"", ""7""], [""2"", ""5""], [""3"", ""4""]]"
31,73,4,9.48121976852417,0.9993920182291961,False,2.0,"[[""1"", ""8""], [""4"", ""7""], [""2"", ""5""], [""2"", ""7""], [""2"", ""8""], [""3"", ""6""], [""1"", ""2""], [""3"", ""4""], [""5"", ""7""]]"
31,73,5,13.149844884872437,0.9996559480883267,True,0.0,"[[""1"", ""8""], [""4"", ""7""], [""6"", ""8""], [""1"", ""5""], [""6"", ""7""], [""2"", ""6""], [""3"", ""7""], [""3"", ""6""], [""4"", ""5""]]"
32,74,1,0.051245689392089844,0.9956680213171402,False,4.0,"[[""5"", ""7""], [""2"", ""3""], [""6"", ""7""], [""1"", ""2""], [""7"", ""8""], [""2"", ""8""], [""3"", ""5""], [""4"", ""5""], [""3"", ""6""]]"
32,74,2,0.12502741813659668,0.9971223705579851,False,2.0,"[[""3"", ""4""], [""6"", ""7""], [""5"", ""7""], [""6"", ""8""], [""2"", ""5""], [""5"", ""6""], [""3"", ""5""], [""1"", ""8""], [""1"", ""7""]]"
32,74,3,0.4590592384338379,0.9988827912096139,False,4.0,"[[""1"", ""3""], [""1"", ""7""], [""4"", ""7""], [""3"", ""8""], [""2"", ""7""], [""4"", ""6""], [""1"", ""4""], [""2"", ""3""], [""5"", ""6""]]"
32,74,4,5.298677206039429,0.9992265770236336,False,4.0,"[[""4"", ""5""], [""1"", ""5""], [""5"", ""8""], [""7"", ""8""], [""5"", ""6""], [""6"", ""7""], [""3"", ""6""], [""4"", ""7""], [""2"", ""6""]]"
32,74,5,8.884028196334839,0.9996559480883267,True,0.0,"[[""1"", ""3""], [""5"", ""8""], [""2"", ""8""], [""2"", ""7""], [""3"", ""7""], [""1"", ""5""], [""4"", ""7""], [""2"", ""6""], [""2"", ""4""]]"
33,75,1,0.02948927879333496,0.9956086702091019,False,4.0,"[[""1"", ""3""], [""3"", ""5""], [""7"", ""8""], [""5"", ""7""], [""2"", ""8""], [""4"", ""5""], [""3"", ""8""], [""2"", ""6""], [""4"", ""7""]]"
33,75,2,0.19578242301940918,0.9959383265548055,False,4.0,"[[""3"", ""4""], [""6"", ""7""], [""4"", ""6""], [""1"", ""7""], [""2"", ""8""], [""2"", ""5""], [""5"", ""8""], [""1"", ""4""], [""2"", ""7""]]"
33,75,3,0.4392588138580322,0.9988827912096139,False,4.0,"[[""3"", ""6""], [""1"", ""4""], [""5"", ""7""], [""1"", ""2""], [""5"", ""6""], [""6"", ""8""], [""3"", ""7""], [""4"", ""7""], [""3"", ""4""]]"
33,75,4,2.21067476272583,0.9994311063258491,False,4.0,"[[""3"", ""5""], [""5"", ""8""], [""4"", ""7""], [""3"", ""8""], [""4"", ""6""], [""3"", ""7""], [""1"", ""6""], [""2"", ""5""], [""7"", ""8""]]"
33,75,5,6.005703449249268,0.9996559480883267,True,0.0,"[[""7"", ""8""], [""2"", ""8""], [""5"", ""6""], [""3"", ""4""], [""1"", ""8""], [""6"", ""8""], [""4"", ""5""], [""3"", ""7""], [""1"", ""7""]]"
34,76,1,0.02421712875366211,0.9735578262684306,False,4.0,"[[""5"", ""6""], [""7"", ""8""], [""3"", ""5""], [""2"", ""7""], [""3"", ""8""], [""3"", ""6""], [""2"", ""3""], [""1"", ""8""], [""1"", ""4""]]"
34,76,2,0.04237532615661621,0.9950146350553895,False,4.0,"[[""2"", ""6""], [""7"", ""8""], [""5"", ""8""], [""1"", ""4""], [""3"", ""7""], [""2"", ""4""], [""3"", ""4""], [""1"", ""8""], [""2"", ""7""]]"
34,76,3,0.057498931884765625,0.9979162850655343,False,4.0,"[[""6"", ""8""], [""4"", ""5""], [""2"", ""3""], [""1"", ""7""], [""2"", ""6""], [""4"", ""6""], [""1"", ""8""], [""6"", ""7""], [""4"", ""7""]]"
34,76,4,0.10013413429260254,0.998720763366098,False,2.0,"[[""2"", ""6""], [""1"", ""2""], [""3"", ""7""], [""5"", ""7""], [""1"", ""7""], [""1"", ""4""], [""5"", ""8""], [""1"", ""3""], [""2"", ""8""]]"
34,76,5,1.2635295391082764,0.9996559480883267,True,0.0,"[[""4"", ""8""], [""1"", ""7""], [""4"", ""6""], [""2"", ""3""], [""3"", ""8""], [""1"", ""2""], [""5"", ""7""], [""4"", ""5""], [""4"", ""7""]]"
35,77,1,0.02477121353149414,0.9694008186196276,False,4.0,"[[""1"", ""8""], [""5"", ""6""], [""3"", ""5""], [""1"", ""4""], [""2"", ""7""], [""1"", ""3""], [""2"", ""8""], [""4"", ""7""], [""4"", ""8""]]"
35,77,2,0.04082441329956055,0.9707810422050102,False,4.0,"[[""4"", ""6""], [""3"", ""8""], [""3"", ""6""], [""2"", ""5""], [""3"", ""7""], [""4"", ""5""], [""5"", ""7""], [""5"", ""8""], [""1"", ""6""]]"
35,77,3,0.07991337776184082,0.9890506629582909,False,4.0,"[[""1"", ""7""], [""2"", ""8""], [""4"", ""7""], [""3"", ""7""], [""1"", ""6""], [""1"", ""2""], [""1"", ""5""], [""4"", ""5""], [""5"", ""7""]]"
35,77,4,0.10496854782104492,0.9987416257510503,False,2.0,"[[""5"", ""8""], [""5"", ""7""], [""1"", ""4""], [""1"", ""3""], [""1"", ""2""], [""2"", ""7""], [""6"", ""8""], [""1"", ""7""], [""4"", ""8""]]"
35,77,5,3.520616054534912,0.9996559480883267,True,0.0,"[[""3"", ""6""], [""3"", ""7""], [""3"", ""8""], [""1"", ""4""], [""2"", ""3""], [""1"", ""5""], [""6"", ""7""], [""5"", ""7""], [""4"", ""8""]]"
36,78,1,0.08889436721801758,0.9981562573411431,False,2.0,"[[""2"", ""8""], [""2"", ""7""], [""5"", ""7""], [""3"", ""6""], [""2"", ""6""], [""1"", ""2""], [""3"", ""5""], [""4"", ""7""], [""2"", ""4""]]"
36,78,2,0.9397320747375488,0.9982095492172444,False,2.0,"[[""5"", ""7""], [""1"", ""4""], [""2"", ""6""], [""1"", ""2""], [""5"", ""6""], [""1"", ""3""], [""1"", ""7""], [""5"", ""8""], [""3"", ""7""]]"
36,78,3,1.5246071815490723,0.9993920182291961,False,2.0,"[[""4"", ""6""], [""1"", ""8""], [""2"", ""3""], [""3"", ""8""], [""1"", ""3""], [""2"", ""7""], [""4"", ""5""], [""5"", ""7""], [""3"", ""7""]]"
36,78,4,6.997879505157471,0.9994311063258491,False,4.0,"[[""6"", ""7""], [""1"", ""4""], [""7"", ""8""], [""6"", ""8""], [""2"", ""6""], [""3"", ""7""], [""2"", ""8""], [""2"", ""5""], [""1"", ""3""]]"
36,78,5,16.25146746635437,0.9996559480883267,True,0.0,"[[""6"", ""7""], [""4"", ""8""], [""2"", ""7""], [""2"", ""5""], [""5"", ""8""], [""1"", ""7""], [""1"", ""3""], [""1"", ""4""], [""1"", ""6""]]"
37,79,1,0.48519325256347656,0.997246187605812,False,4.0,"[[""1"", ""7""], [""2"", ""5""], [""5"", ""7""], [""3"", ""6""], [""5"", ""6""], [""7"", ""8""], [""4"", ""8""], [""1"", ""6""], [""5"", ""8""]]"
37,79,2,0.5641593933105469,0.9974332442097584,False,2.0,"[[""1"", ""7""], [""1"", ""3""], [""1"", ""2""], [""5"", ""6""], [""6"", ""7""], [""2"", ""6""], [""2"", ""4""], [""1"", ""8""], [""7"", ""8""]]"
37,79,3,0.6721580028533936,0.9980852244151139,False,4.0,"[[""1"", ""7""], [""3"", ""6""], [""5"", ""7""], [""5"", ""8""], [""2"", ""4""], [""4"", ""8""], [""4"", ""6""], [""4"", ""7""], [""1"", ""2""]]"
37,79,4,0.6958563327789307,0.9988827912096139,False,4.0,"[[""1"", ""7""], [""4"", ""7""], [""3"", ""5""], [""4"", ""8""], [""1"", ""8""], [""5"", ""6""], [""3"", ""7""], [""2"", ""8""], [""3"", ""4""]]"
37,79,5,3.9527981281280518,0.9996559480883267,True,0.0,"[[""3"", ""4""], [""1"", ""7""], [""4"", ""8""], [""1"", ""6""], [""1"", ""2""], [""5"", ""7""], [""5"", ""8""], [""1"", ""3""], [""2"", ""7""]]"
38,80,1,0.05132484436035156,0.9952079077772747,False,4.0,"[[""7"", ""8""], [""2"", ""7""], [""2"", ""4""], [""4"", ""8""], [""1"", ""4""], [""1"", ""8""], [""3"", ""6""], [""3"", ""7""], [""5"", ""6""]]"
38,80,2,0.22304558753967285,0.995536823042585,False,4.0,"[[""1"", ""7""], [""2"", ""4""], [""3"", ""6""], [""1"", ""6""], [""3"", ""7""], [""3"", ""4""], [""5"", ""8""], [""1"", ""4""], [""5"", ""7""]]"
38,80,3,0.2707517147064209,0.9982259643536889,False,2.0,"[[""2"", ""6""], [""1"", ""7""], [""2"", ""3""], [""4"", ""7""], [""4"", ""6""], [""1"", ""5""], [""2"", ""5""], [""6"", ""7""], [""4"", ""8""]]"
38,80,4,0.4725067615509033,0.9987159362274074,False,4.0,"[[""2"", ""5""], [""3"", ""4""], [""1"", ""4""], [""2"", ""6""], [""4"", ""8""], [""7"", ""8""], [""5"", ""7""], [""2"", ""7""], [""4"", ""5""]]"
38,80,5,5.241687536239624,0.9996559480883267,True,0.0,"[[""2"", ""5""], [""6"", ""7""], [""1"", ""6""], [""3"", ""6""], [""5"", ""6""], [""4"", ""8""], [""1"", ""7""], [""2"", ""8""], [""4"", ""7""]]"
39,81,1,0.025858163833618164,0.9645228288842618,False,4.0,"[[""3"", ""8""], [""5"", ""6""], [""3"", ""6""], [""5"", ""8""], [""2"", ""7""], [""2"", ""5""], [""1"", ""2""], [""5"", ""7""], [""4"", ""8""]]"
39,81,2,0.051750898361206055,0.9955158616823772,False,4.0,"[[""1"", ""7""], [""7"", ""8""], [""6"", ""7""], [""6"", ""8""], [""1"", ""3""], [""4"", ""6""], [""2"", ""5""], [""2"", ""8""], [""1"", ""5""]]"
39,81,3,0.24909043312072754,0.9988456667557744,False,2.0,"[[""1"", ""8""], [""1"", ""5""], [""1"", ""6""], [""5"", ""7""], [""3"", ""8""], [""3"", ""6""], [""4"", ""7""], [""1"", ""7""], [""2"", ""4""]]"
39,81,4,2.5927438735961914,0.9988827912096139,False,4.0,"[[""1"", ""7""], [""2"", ""6""], [""1"", ""4""], [""2"", ""8""], [""3"", ""5""], [""1"", ""3""], [""6"", ""7""], [""4"", ""7""], [""2"", ""4""]]"
39,81,5,8.136553049087524,0.9996559480883267,True,0.0,"[[""7"", ""8""], [""3"", ""5""], [""1"", ""4""], [""5"", ""7""], [""4"", ""6""], [""2"", ""7""], [""5"", ""6""], [""2"", ""5""], [""1"", ""8""]]"
40,82,1,0.05262303352355957,0.9982272398654584,False,4.0,"[[""3"", ""8""], [""4"", ""5""], [""3"", ""6""], [""1"", ""4""], [""4"", ""7""], [""1"", ""7""], [""1"", ""8""], [""2"", ""3""], [""6"", ""7""]]"
40,82,2,0.6737678050994873,0.998553602598026,False,2.0,"[[""6"", ""7""], [""1"", ""3""], [""5"", ""6""], [""2"", ""7""], [""6"", ""8""], [""4"", ""5""], [""3"", ""6""], [""7"", ""8""], [""1"", ""2""]]"
40,82,3,0.8907825946807861,0.9988827912096139,False,4.0,"[[""3"", ""4""], [""4"", ""7""], [""2"", ""5""], [""4"", ""8""], [""5"", ""8""], [""1"", ""3""], [""7"", ""8""], [""5"", ""6""], [""2"", ""7""]]"
40,82,4,3.5808188915252686,0.9994311063258491,False,4.0,"[[""6"", ""7""], [""1"", ""3""], [""5"", ""7""], [""1"", ""7""], [""3"", ""8""], [""1"", ""5""], [""2"", ""4""], [""2"", ""6""], [""3"", ""5""]]"
40,82,5,5.1213059425354,0.9996559480883267,True,0.0,"[[""6"", ""8""], [""3"", ""5""], [""2"", ""7""], [""4"", ""6""], [""4"", ""5""], [""5"", ""7""], [""1"", ""7""], [""2"", ""5""], [""1"", ""8""]]"
41,83,1,2.7743377685546875,0.998720763366098,False,2.0,"[[""2"", ""5""], [""4"", ""5""], [""2"", ""8""], [""2"", ""6""], [""1"", ""6""], [""1"", ""7""], [""4"", ""7""], [""6"", ""7""], [""3"", ""6""]]"
41,83,2,2.7977895736694336,0.9988827912096139,False,4.0,"[[""2"", ""5""], [""1"", ""2""], [""1"", ""4""], [""3"", ""8""], [""2"", ""7""], [""6"", ""7""], [""5"", ""8""], [""6"", ""8""], [""5"", ""7""]]"
41,83,3,7.265985012054443,0.9993920182291961,False,2.0,"[[""2"", ""5""], [""1"", ""2""], [""1"", ""5""], [""3"", ""4""], [""3"", ""6""], [""5"", ""8""], [""6"", ""7""], [""7"", ""8""], [""5"", ""7""]]"
41,83,4,8.819013595581055,0.9994311063258491,False,4.0,"[[""2"", ""5""], [""6"", ""7""], [""4"", ""6""], [""3"", ""6""], [""5"", ""7""], [""1"", ""3""], [""2"", ""8""], [""3"", ""4""], [""4"", ""7""]]"
41,83,5,9.653733968734741,0.9996559480883267,True,0.0,"[[""2"", ""5""], [""1"", ""2""], [""3"", ""4""], [""3"", ""5""], [""4"", ""7""], [""7"", ""8""], [""1"", ""7""], [""1"", ""6""], [""1"", ""8""]]"
42,84,1,0.3779940605163574,0.9971984871373502,False,2.0,"[[""3"", ""7""], [""1"", ""8""], [""3"", ""4""], [""5"", ""7""], [""4"", ""6""], [""2"", ""8""], [""2"", ""3""], [""1"", ""5""], [""4"", ""7""]]"
42,84,2,0.522737979888916,0.998720763366098,False,2.0,"[[""3"", ""7""], [""2"", ""5""], [""6"", ""7""], [""1"", ""7""], [""2"", ""3""], [""3"", ""4""], [""2"", ""8""], [""1"", ""8""], [""3"", ""6""]]"
42,84,3,1.0668480396270752,0.9988827912096139,False,4.0,"[[""1"", ""3""], [""2"", ""5""], [""2"", ""7""], [""2"", ""8""], [""5"", ""6""], [""6"", ""7""], [""3"", ""8""], [""7"", ""8""], [""4"", ""5""]]"
42,84,4,3.5893609523773193,0.9993920182291961,False,2.0,"[[""1"", ""7""], [""2"", ""6""], [""3"", ""8""], [""5"", ""8""], [""4"", ""8""], [""5"", ""7""], [""3"", ""4""], [""7"", ""8""], [""1"", ""6""]]"
42,84,5,5.677008390426636,0.9996559480883267,True,0.0,"[[""3"", ""7""], [""2"", ""8""], [""7"", ""8""], [""5"", ""6""], [""2"", ""4""], [""5"", ""7""], [""3"", ""5""], [""1"", ""4""], [""1"", ""5""]]"
43,85,1,0.03051900863647461,0.9960606684929308,False,4.0,"[[""2"", ""5""], [""2"", ""7""], [""3"", ""4""], [""1"", ""8""], [""5"", ""8""], [""2"", ""8""], [""6"", ""7""], [""4"", ""8""], [""4"", ""7""]]"
43,85,2,0.1473543643951416,0.9966497358125116,False,4.0,"[[""1"", ""8""], [""6"", ""8""], [""1"", ""7""], [""5"", ""6""], [""4"", ""6""], [""6"", ""7""], [""2"", ""5""], [""3"", ""6""], [""5"", ""7""]]"
43,85,3,0.1993412971496582,0.9971880720075414,False,4.0,"[[""1"", ""8""], [""1"", ""3""], [""2"", ""5""], [""5"", ""7""], [""3"", ""5""], [""6"", ""8""], [""7"", ""8""], [""4"", ""7""], [""3"", ""8""]]"
43,85,4,0.2343273162841797,0.9994311063258491,False,4.0,"[[""1"", ""8""], [""5"", ""8""], [""2"", ""4""], [""1"", ""7""], [""1"", ""6""], [""3"", ""4""], [""2"", ""7""], [""6"", ""7""], [""6"", ""8""]]"
43,85,5,0.6912274360656738,0.9996559480883267,True,0.0,"[[""3"", ""7""], [""2"", ""8""], [""1"", ""3""], [""7"", ""8""], [""2"", ""7""], [""1"", ""5""], [""2"", ""4""], [""2"", ""6""], [""4"", ""5""]]"
44,86,1,0.13096380233764648,0.9971667434907654,False,2.0,"[[""2"", ""8""], [""4"", ""8""], [""4"", ""7""], [""1"", ""7""], [""2"", ""3""], [""2"", ""4""], [""1"", ""6""], [""4"", ""5""], [""7"", ""8""]]"
44,86,2,0.22597670555114746,0.9982272398654584,False,4.0,"[[""2"", ""5""], [""4"", ""5""], [""2"", ""3""], [""7"", ""8""], [""6"", ""7""], [""4"", ""6""], [""4"", ""7""], [""1"", ""6""], [""2"", ""8""]]"
44,86,3,0.5658855438232422,0.998553602598026,False,2.0,"[[""2"", ""5""], [""3"", ""6""], [""1"", ""7""], [""3"", ""7""], [""3"", ""4""], [""1"", ""8""], [""2"", ""3""], [""4"", ""8""], [""6"", ""7""]]"
44,86,4,1.172107458114624,0.9988456667557744,False,2.0,"[[""2"", ""5""], [""6"", ""8""], [""3"", ""4""], [""5"", ""8""], [""7"", ""8""], [""1"", ""2""], [""1"", ""8""], [""6"", ""7""], [""3"", ""7""]]"
44,86,5,3.624863624572754,0.9996559480883267,True,0.0,"[[""2"", ""5""], [""3"", ""6""], [""4"", ""6""], [""5"", ""8""], [""6"", ""7""], [""2"", ""4""], [""7"", ""8""], [""1"", ""6""], [""3"", ""7""]]"
45,87,1,0.006723880767822266,0.9953362978783614,False,4.0,"[[""6"", ""7""], [""2"", ""6""], [""7"", ""8""], [""4"", ""6""], [""1"", ""3""], [""5"", ""8""], [""1"", ""2""], [""4"", ""7""], [""2"", ""3""]]"
45,87,2,0.09447479248046875,0.9983301180292254,False,2.0,"[[""5"", ""8""], [""1"", ""2""], [""2"", ""7""], [""1"", ""7""], [""1"", ""8""], [""3"", ""4""], [""4"", ""7""], [""1"", ""5""], [""5"", ""6""]]"
45,87,3,0.2120044231414795,0.9993920182291961,False,2.0,"[[""3"", ""4""], [""1"", ""7""], [""3"", ""6""], [""6"", ""7""], [""2"", ""8""], [""5"", ""7""], [""5"", ""8""], [""1"", ""6""], [""4"", ""6""]]"
45,87,4,9.290292501449585,0.9996559480883267,True,0.0,"[[""3"", ""6""], [""4"", ""7""], [""1"", ""6""], [""2"", ""8""], [""1"", ""5""], [""2"", ""5""], [""6"", ""7""], [""7"", ""8""], [""4"", ""6""]]"
46,88,1,0.009267568588256836,0.983402777129748,False,2.0,"[[""6"", ""7""], [""2"", ""4""], [""1"", ""2""], [""1"", ""7""], [""4"", ""7""], [""3"", ""5""], [""1"", ""8""], [""1"", ""6""], [""5"", ""7""]]"
46,88,2,0.05930662155151367,0.9862591679375277,False,4.0,"[[""3"", ""7""], [""2"", ""7""], [""5"", ""7""], [""1"", ""4""], [""4"", ""7""], [""2"", ""6""], [""4"", ""6""], [""3"", ""4""], [""6"", ""8""]]"
46,88,3,0.11615800857543945,0.9905898881666266,False,6.0,"[[""6"", ""8""], [""5"", ""7""], [""5"", ""6""], [""3"", ""6""], [""4"", ""7""], [""2"", ""6""], [""2"", ""5""], [""6"", ""7""], [""1"", ""6""]]"
46,88,4,0.15634942054748535,0.9983301180292254,False,2.0,"[[""1"", ""4""], [""1"", ""8""], [""7"", ""8""], [""4"", ""8""], [""3"", ""7""], [""3"", ""8""], [""1"", ""5""], [""6"", ""7""], [""2"", ""6""]]"
46,88,5,0.9015896320343018,0.9996559480883267,True,0.0,"[[""3"", ""5""], [""6"", ""7""], [""1"", ""8""], [""3"", ""4""], [""1"", ""7""], [""4"", ""7""], [""2"", ""4""], [""5"", ""8""], [""4"", ""6""]]"
47,89,1,0.027442216873168945,0.9953195984872312,False,4.0,"[[""2"", ""4""], [""1"", ""7""], [""4"", ""5""], [""4"", ""6""], [""3"", ""5""], [""5"", ""7""], [""4"", ""8""], [""6"", ""7""], [""1"", ""6""]]"
47,89,2,0.044828176498413086,0.9981059626235563,False,4.0,"[[""4"", ""7""], [""5"", ""7""], [""1"", ""5""], [""3"", ""7""], [""2"", ""4""], [""2"", ""6""], [""5"", ""8""], [""1"", ""3""], [""4"", ""5""]]"
47,89,3,0.3217628002166748,0.9983301180292254,False,2.0,"[[""3"", ""4""], [""4"", ""7""], [""1"", ""7""], [""5"", ""6""], [""4"", ""5""], [""4"", ""6""], [""5"", ""8""], [""1"", ""2""], [""3"", ""7""]]"
47,89,4,3.135984420776367,0.9994311063258491,False,4.0,"[[""2"", ""4""], [""5"", ""8""], [""2"", ""6""], [""1"", ""4""], [""2"", ""7""], [""5"", ""7""], [""3"", ""8""], [""4"", ""6""], [""6"", ""7""]]"
47,89,5,3.238520383834839,0.9996559480883267,True,0.0,"[[""1"", ""8""], [""5"", ""7""], [""1"", ""7""], [""5"", ""6""], [""2"", ""5""], [""2"", ""7""], [""4"", ""6""], [""4"", ""8""], [""3"", ""5""]]"
48,90,1,1.3974080085754395,0.9981059626235563,False,4.0,"[[""2"", ""3""], [""5"", ""8""], [""1"", ""3""], [""6"", ""8""], [""4"", ""5""], [""1"", ""7""], [""6"", ""7""], [""1"", ""5""], [""5"", ""7""]]"
48,90,2,3.3611297607421875,0.998720763366098,False,2.0,"[[""3"", ""4""], [""3"", ""8""], [""1"", ""8""], [""5"", ""8""], [""2"", ""7""], [""4"", ""7""], [""3"", ""6""], [""3"", ""7""], [""2"", ""5""]]"
48,90,3,6.4990010261535645,0.9988456667557744,False,2.0,"[[""4"", ""6""], [""2"", ""5""], [""2"", ""8""], [""1"", ""7""], [""2"", ""6""], [""4"", ""5""], [""1"", ""3""], [""7"", ""8""], [""2"", ""7""]]"
48,90,4,10.320147514343262,0.9993920182291961,False,2.0,"[[""4"", ""6""], [""2"", ""7""], [""6"", ""7""], [""2"", ""6""], [""3"", ""7""], [""5"", ""6""], [""3"", ""8""], [""4"", ""5""], [""1"", ""8""]]"
48,90,5,15.96116590499878,0.9996559480883267,True,0.0,"[[""4"", ""6""], [""2"", ""7""], [""6"", ""7""], [""1"", ""5""], [""2"", ""3""], [""2"", ""8""], [""1"", ""2""], [""3"", ""7""], [""4"", ""5""]]"
49,91,1,0.966808557510376,0.9981562573411431,False,2.0,"[[""4"", ""7""], [""2"", ""5""], [""3"", ""4""], [""1"", ""5""], [""5"", ""7""], [""5"", ""8""], [""5"", ""6""], [""2"", ""3""], [""7"", ""8""]]"
49,91,2,1.2917101383209229,0.998553602598026,False,2.0,"[[""4"", ""7""], [""5"", ""7""], [""3"", ""5""], [""5"", ""8""], [""4"", ""6""], [""2"", ""6""], [""2"", ""5""], [""1"", ""8""], [""3"", ""7""]]"
49,91,3,2.6695830821990967,0.9988456667557744,False,2.0,"[[""4"", ""7""], [""2"", ""5""], [""3"", ""4""], [""3"", ""7""], [""3"", ""8""], [""5"", ""8""], [""2"", ""3""], [""1"", ""6""], [""1"", ""7""]]"
49,91,4,2.9986071586608887,0.9994311063258491,False,4.0,"[[""4"", ""7""], [""7"", ""8""], [""4"", ""6""], [""1"", ""8""], [""2"", ""7""], [""1"", ""5""], [""2"", ""8""], [""3"", ""6""], [""1"", ""2""]]"
49,91,5,4.16054105758667,0.9996559480883267,True,0.0,"[[""4"", ""7""], [""7"", ""8""], [""3"", ""5""], [""2"", ""7""], [""2"", ""3""], [""4"", ""8""], [""1"", ""4""], [""5"", ""6""], [""4"", ""6""]]"
