run_index,seed,final_score,isomorphic,ged,runtime_seconds,number_of_improvements,exported_last_sequences
0,42,0.9996559480883267,True,0.0,611.1131031513214,7,5
1,43,0.9996559480883267,True,0.0,608.8773386478424,3,3
2,44,0.9996559480883267,True,0.0,611.5182130336761,8,5
3,45,0.9996559480883267,True,0.0,612.1101167201996,11,5
4,46,0.9996559480883267,True,0.0,617.4310548305511,11,5
5,47,0.9996559480883267,True,0.0,612.2696716785431,3,3
6,48,0.9996559480883267,True,0.0,612.3547518253326,7,5
7,49,0.9996559480883267,True,0.0,614.7378509044647,6,5
8,50,0.9996559480883267,True,0.0,607.6925902366638,13,5
9,51,0.9996559480883267,True,0.0,601.9267599582672,3,3
10,52,0.9996559480883267,True,0.0,616.8340854644775,6,5
11,53,0.9996559480883267,True,0.0,611.1691262722015,7,5
12,54,0.9996559480883267,True,0.0,613.6909129619598,6,5
13,55,0.9996559480883267,True,0.0,606.8408470153809,13,5
14,56,0.9996559480883267,True,0.0,613.2160682678223,8,5
15,57,0.9996559480883267,True,0.0,616.9951748847961,8,5
16,58,0.9996559480883267,True,0.0,616.9054362773895,14,5
17,59,0.9996559480883267,True,0.0,610.8872284889221,4,4
18,60,0.9996559480883267,True,0.0,609.7084317207336,12,5
19,61,0.9996559480883267,True,0.0,622.2570719718933,6,5
20,62,0.9996559480883267,True,0.0,603.9563188552856,7,5
21,63,0.9996559480883267,True,0.0,614.7133910655975,7,5
22,64,0.9996559480883267,True,0.0,608.0381956100464,9,5
23,65,0.9996559480883267,True,0.0,617.0938642024994,11,5
24,66,0.9996559480883267,True,0.0,618.9496262073517,5,5
25,67,0.9996559480883267,True,0.0,607.3659501075745,12,5
26,68,0.9996559480883267,True,0.0,616.771591424942,6,5
27,69,0.9996559480883267,True,0.0,620.654242515564,7,5
28,70,0.9996559480883267,True,0.0,610.4295828342438,8,5
29,71,0.9996559480883267,True,0.0,613.2057728767395,10,5
30,72,0.9996559480883267,True,0.0,608.7456541061401,4,4
31,73,0.9996559480883267,True,0.0,610.1791524887085,13,5
32,74,0.9996559480883267,True,0.0,613.3105931282043,8,5
33,75,0.9996559480883267,True,0.0,617.5680258274078,7,5
34,76,0.9996559480883267,True,0.0,611.3512916564941,6,5
35,77,0.9996559480883267,True,0.0,613.8676002025604,6,5
36,78,0.9996559480883267,True,0.0,608.5378546714783,8,5
37,79,0.9996559480883267,True,0.0,613.8507506847382,10,5
38,80,0.9996559480883267,True,0.0,614.7126948833466,7,5
39,81,0.9996559480883267,True,0.0,613.4506413936615,6,5
40,82,0.9996559480883267,True,0.0,609.5192396640778,8,5
41,83,0.9996559480883267,True,0.0,605.7155735492706,11,5
42,84,0.9996559480883267,True,0.0,605.9547169208527,8,5
43,85,0.9996559480883267,True,0.0,609.1787457466125,6,5
44,86,0.9996559480883267,True,0.0,605.1590955257416,7,5
45,87,0.9996559480883267,True,0.0,605.85826587677,4,4
46,88,0.9996559480883267,True,0.0,608.6541056632996,5,5
47,89,0.9996559480883267,True,0.0,606.7834670543671,6,5
48,90,0.9996559480883267,True,0.0,604.582088470459,8,5
49,91,0.9996559480883267,True,0.0,604.0428900718689,12,5
