round,minibatch_loss_mean,projection_noise_max,projection_noise_mean,projection_window_max,probe_injection,elapsed_seconds,test_loss,test_accuracy
0,2.3731226921081543,0.014373521320521832,0.014373521320521832,,False,1.6986470222473145,3.506536380449931,0.10316840277777778
1,2.8117429415384927,0.014220647513866425,0.014220647513866425,,False,6.279744386672974,,
2,3.2344962226019964,0.014131233096122742,0.014131233096122742,,False,6.578970670700073,,
3,3.6064065827263727,0.014059786684811115,0.014059786684811115,,False,6.874058246612549,,
4,4.71428722805447,0.013783502392470837,0.013783502392470837,,False,7.1699018478393555,,
5,4.979645119773017,0.013391871936619282,0.013391871936619282,,False,7.467589855194092,,
6,5.639098485310872,0.013100340962409973,0.013100340962409973,,False,7.76571798324585,,
7,5.6095476150512695,0.012974122539162636,0.012974122539162636,,False,8.062013387680054,,
8,4.6390551990932885,0.01276953425258398,0.01276953425258398,,False,8.361000061035156,,
9,4.037919733259413,0.012598768807947636,0.012598768807947636,,False,8.653452634811401,,
10,3.4750018649631076,0.012501226738095284,0.012501226738095284,,False,8.945760726928711,,
11,3.152844058142768,0.012369232252240181,0.012369232252240181,,False,9.23718786239624,,
12,2.8763302432166205,0.012311558239161968,0.012311558239161968,,False,9.529170036315918,,
13,2.5769915050930448,0.012254972010850906,0.012254972010850906,,False,9.819653034210205,,
14,2.5196064843071833,0.012234977446496487,0.012234977446496487,,False,10.114411115646362,,
15,2.493894921408759,0.012307695113122463,0.012307695113122463,,False,10.406980991363525,,
16,2.3817348215315075,0.012444233521819115,0.012444233521819115,,False,10.698618650436401,,
17,2.248124043146769,0.012638933956623077,0.012638933956623077,,False,10.989506721496582,,
18,2.257149193021986,0.012758420780301094,0.012758420780301094,,False,11.28361177444458,,
19,2.27862901157803,0.012879505753517151,0.012879505753517151,,False,11.585088729858398,,
20,2.1414778497483997,0.012933301739394665,0.012933301739394665,,False,11.878527879714966,,
21,2.1209114525053234,0.012917028740048409,0.012917028740048409,,False,12.170124530792236,,
22,2.0813029872046576,0.012913916260004044,0.012913916260004044,,False,12.460952758789062,,
23,2.1296847926245794,0.012825734913349152,0.012825734913349152,,False,12.7525155544281,,
24,2.032046225335863,0.012715780176222324,0.012715780176222324,,False,13.045053958892822,,
25,2.0911557806862726,0.012652203440666199,0.012652203440666199,,False,13.33522915840149,,
26,2.0223394764794245,0.01260634046047926,0.01260634046047926,,False,13.625102519989014,,
27,1.962202747662862,0.012594138272106647,0.012594138272106647,,False,13.9159677028656,,
28,2.019285731845432,0.012590168043971062,0.012590168043971062,,False,14.212478160858154,,
29,1.9563880496554904,0.01258690282702446,0.01258690282702446,,False,14.50282597541809,,
30,2.0206772221459284,0.01259350311011076,0.01259350311011076,,False,14.797863483428955,,
31,1.9868192540274725,0.012568635866045952,0.012568635866045952,,False,15.092866897583008,,
32,1.985772106382582,0.012594792991876602,0.012594792991876602,,False,15.389532804489136,,
33,1.938107556766934,0.012555565685033798,0.012555565685033798,,False,15.683461904525757,,
34,1.9484732415941026,0.0124819939956069,0.0124819939956069,,False,15.980128765106201,,
35,1.9541856712765164,0.01247766800224781,0.01247766800224781,,False,16.275604009628296,,
36,1.9537350336710613,0.01244679931551218,0.01244679931551218,,False,16.568085432052612,,
37,1.9141661061180963,0.012430495582520962,0.012430495582520962,,False,16.863712310791016,,
38,1.9418879350026448,0.012396188452839851,0.012396188452839851,,False,17.15673279762268,,
39,1.959505968623691,0.012356769293546677,0.012356769293546677,,False,17.4497332572937,,
40,1.91032165951199,0.012287206947803497,0.012287206947803497,,False,17.748522520065308,,
41,1.927869028515286,0.012200132012367249,0.012200132012367249,,False,18.04326820373535,,
42,1.872370547718472,0.012170981615781784,0.012170981615781784,,False,18.337777614593506,,
43,1.8560314973195393,0.012167811393737793,0.012167811393737793,,False,18.641852140426636,,
44,1.86782173315684,0.012188049964606762,0.012188049964606762,,False,18.936784982681274,,
45,1.8795302841398451,0.012182537466287613,0.012182537466287613,,False,19.231250286102295,,
46,1.89667718940311,0.012209044769406319,0.012209044769406319,,False,19.528718948364258,,
47,1.8268146647347345,0.012179036624729633,0.012179036624729633,,False,19.834341764450073,,
48,1.8604767322540283,0.012149782851338387,0.012149782851338387,,False,20.136282920837402,,
49,1.8814357254240248,0.012102521024644375,0.012102521024644375,,False,20.4304940700531,,
50,1.8515544070137873,0.011981195770204067,0.011981195770204067,,False,20.729050874710083,1.8637985613611008,0.26111111111111107
51,1.8545556863149006,0.011909442953765392,0.011909442953765392,,False,24.758263111114502,,
52,1.8783514234754775,0.011769059114158154,0.011769059114158154,,False,25.052948713302612,,
53,1.8700843519634671,0.011692310683429241,0.011692310683429241,,False,25.36308455467224,,
54,1.8207027912139893,0.011666120029985905,0.011666120029985905,,False,25.658355951309204,,
55,1.8069243563546076,0.011682737618684769,0.011682737618684769,,False,25.956523656845093,,
56,1.858907527393765,0.011713697575032711,0.011713697575032711,,False,26.254544973373413,,
57,1.868801196416219,0.01169256865978241,0.01169256865978241,,False,26.549986124038696,,
58,1.883744438489278,0.011637520045042038,0.011637520045042038,,False,26.846217393875122,,
59,1.7626251644558377,0.011604635044932365,0.011604635044932365,,False,27.142566919326782,,
60,1.851163625717163,0.011577455326914787,0.011577455326914787,,False,27.439905881881714,,
61,1.7985918124516804,0.011512532830238342,0.011512532830238342,,False,27.732341051101685,,
62,1.819201151529948,0.011404121294617653,0.011404121294617653,,False,28.030997276306152,,
63,1.712894810570611,0.011318111792206764,0.011318111792206764,,False,28.326661825180054,,
64,1.7487406200832791,0.011155949905514717,0.011155949905514717,,False,28.623164892196655,,
65,1.7654629813300238,0.011022750288248062,0.011022750288248062,,False,28.91521716117859,,
66,1.7461980978647869,0.010962258093059063,0.010962258093059063,,False,29.206811666488647,,
67,1.705497556262546,0.01104698609560728,0.01104698609560728,,False,29.49988317489624,,
68,1.764269404941135,0.011102060787379742,0.011102060787379742,,False,29.79584002494812,,
69,1.7536863221062555,0.01107088290154934,0.01107088290154934,,False,30.08910822868347,,
70,1.7280192375183105,0.011058317497372627,0.011058317497372627,,False,30.383103370666504,,
71,1.8328744967778523,0.011008182540535927,0.011008182540535927,,False,30.67625141143799,,
72,1.7524736722310383,0.010919492691755295,0.010919492691755295,,False,30.96890163421631,,
73,1.791373332341512,0.010845253244042397,0.010845253244042397,,False,31.260951280593872,,
74,1.751427994834052,0.010746918618679047,0.010746918618679047,,False,31.555267095565796,,
75,1.7330365048514471,0.010703516192734241,0.010703516192734241,,False,31.850162029266357,,
76,1.7200518978966608,0.01070509571582079,0.01070509571582079,,False,32.14880180358887,,
77,1.757821758588155,0.010609514079988003,0.010609514079988003,,False,32.44339680671692,,
78,1.7756114668316312,0.010573582723736763,0.010573582723736763,,False,32.74465584754944,,
79,1.7442844708760579,0.010535605251789093,0.010535605251789093,,False,33.033989667892456,,
80,1.7207070059246488,0.010449283756315708,0.010449283756315708,,False,33.32336497306824,,
81,1.726363804605272,0.010396292433142662,0.010396292433142662,,False,33.611878395080566,,
82,1.7214368714226618,0.010327215306460857,0.010327215306460857,,False,33.90074849128723,,
83,1.7463416655858357,0.010248187929391861,0.010248187929391861,,False,34.18905186653137,,
84,1.7264843119515314,0.010162689723074436,0.010162689723074436,,False,34.4777147769928,,
85,1.7553637954923842,0.010085532441735268,0.010085532441735268,,False,34.76647448539734,,
86,1.7205493847529094,0.010012184269726276,0.010012184269726276,,False,36.9648163318634,,
87,1.7325507799784343,0.009968310594558716,0.009968310594558716,,False,37.66521382331848,,
88,1.7525726689232721,0.009979963302612305,0.009979963302612305,,False,37.959803342819214,,
89,1.7197151978810628,0.00996922142803669,0.00996922142803669,,False,38.25231146812439,,
90,1.6889567772547405,0.009944855235517025,0.009944855235517025,,False,38.54773163795471,,
91,1.754131966167026,0.009952802211046219,0.009952802211046219,,False,38.841808557510376,,
92,1.7689115868674383,0.009899516589939594,0.009899516589939594,,False,39.151926040649414,,
93,1.749538289176093,0.009909727610647678,0.009909727610647678,,False,39.44508743286133,,
94,1.6963198714786105,0.009877540171146393,0.009877540171146393,,False,39.743534326553345,,
95,1.6619586414761014,0.009843012318015099,0.009843012318015099,,False,40.03702664375305,,
96,1.6974087291293674,0.009704960510134697,0.009704960510134697,,False,40.33652400970459,,
97,1.6919939782884386,0.009665288031101227,0.009665288031101227,,False,40.630499839782715,,
98,1.6557253731621637,0.009612451307475567,0.009612451307475567,,False,40.92688345909119,,
99,1.6976224978764851,0.00957952719181776,0.00957952719181776,,False,41.22057867050171,,
100,1.6497921413845487,0.009571241214871407,0.009571241214871407,0.009571241214871407,False,41.51625967025757,1.6350725425614252,0.3828125
101,1.633757750193278,0.009568801149725914,0.009568801149725914,0.009568801149725914,False,45.54913926124573,,
102,1.651728047264947,0.009509156458079815,0.009509156458079815,0.009509156458079815,False,45.862743616104126,,
103,1.6747463279300265,0.009521196596324444,0.009521196596324444,0.009521196596324444,False,46.168774366378784,,
104,1.592436671257019,0.009434943087399006,0.009434943087399006,0.009434943087399006,False,46.47485613822937,,
105,1.6635738478766546,0.00934523530304432,0.00934523530304432,0.00934523530304432,False,46.76931166648865,,
106,1.6423333750830755,0.009309494867920876,0.009309494867920876,0.009309494867920876,False,47.063249826431274,,
107,1.6801528930664062,0.009353000670671463,0.009353000670671463,0.009353000670671463,False,47.36371374130249,,
108,1.6357110738754272,0.009411654435098171,0.009411654435098171,0.009411654435098171,False,47.6587347984314,,
109,1.6104127566019695,0.009512905031442642,0.009512905031442642,0.009512905031442642,False,47.95846176147461,,
110,1.6454665925767686,0.009595701470971107,0.009595701470971107,0.009595701470971107,False,48.25918006896973,,
111,1.6445751190185547,0.009501535445451736,0.009501535445451736,0.009501535445451736,False,48.56326508522034,,
112,1.668548862139384,0.009441347792744637,0.009441347792744637,0.009441347792744637,False,48.85944581031799,,
113,1.654112286037869,0.009360145777463913,0.009360145777463913,0.009360145777463913,False,49.15385866165161,,
114,1.607758296860589,0.009284219704568386,0.009284219704568386,0.009284219704568386,False,49.451627016067505,,
115,1.5571407874425252,0.009201480075716972,0.009201480075716972,0.009201480075716972,False,49.750152587890625,,
116,1.6138927671644423,0.009157580323517323,0.009157580323517323,0.009157580323517323,False,50.04547834396362,,
117,1.647148781352573,0.009092436172068119,0.009092436172068119,0.009092436172068119,False,50.34295082092285,,
118,1.630209141307407,0.008980096317827702,0.008980096317827702,0.008980096317827702,False,50.642292976379395,,
119,1.5751581986745198,0.008950512856245041,0.008950512856245041,0.008950512856245041,False,50.93905520439148,,
120,1.5806969536675348,0.008873850107192993,0.008873850107192993,0.008873850107192993,False,51.23313021659851,,
121,1.6063243548075359,0.008872561156749725,0.008872561156749725,0.008872561156749725,False,51.527996301651,,
122,1.6407407257292006,0.008837725035846233,0.008837725035846233,0.008837725035846233,False,51.82707118988037,,
123,1.6082148022121854,0.008818915113806725,0.008818915113806725,0.008818915113806725,False,52.12207651138306,,
124,1.637733644909329,0.008814745582640171,0.008814745582640171,0.008814745582640171,False,52.41684889793396,,
125,1.586742639541626,0.00878410879522562,0.00878410879522562,0.00878410879522562,False,52.717225313186646,,
126,1.4771090348561604,0.008725672028958797,0.008725672028958797,0.008725672028958797,False,53.01275181770325,,
127,1.5741433302561443,0.008629834279417992,0.008629834279417992,0.008629834279417992,False,53.31140398979187,,
128,1.571971548928155,0.008621197193861008,0.008621197193861008,0.008621197193861008,False,53.608880043029785,,
129,1.571854379442003,0.0086402278393507,0.0086402278393507,0.0086402278393507,False,53.911909103393555,,
130,1.6125155289967854,0.008558024652302265,0.008558024652302265,0.008558024652302265,False,54.213812828063965,,
131,1.6143629286024306,0.008595079183578491,0.008595079183578491,0.008595079183578491,False,54.521016120910645,,
132,1.5043293370140924,0.008596534840762615,0.008596534840762615,0.008596534840762615,False,54.819326400756836,,
133,1.502325587802463,0.00856730341911316,0.00856730341911316,0.00856730341911316,False,55.11501669883728,,
134,1.507561167081197,0.00844351015985012,0.00844351015985012,0.00844351015985012,False,55.41014552116394,,
135,1.6285840802722507,0.0083078071475029,0.0083078071475029,0.0083078071475029,False,55.70422601699829,,
136,1.5809364451302423,0.0082278186455369,0.0082278186455369,0.0082278186455369,False,56.008206844329834,,
137,1.5978663100136652,0.00814921222627163,0.00814921222627163,0.00814921222627163,False,56.30341029167175,,
138,1.5757806566026475,0.008075198158621788,0.008075198158621788,0.008075198158621788,False,56.59886646270752,,
139,1.537518196635776,0.008008451201021671,0.008008451201021671,0.008008451201021671,False,56.896071672439575,,
140,1.6408560540941026,0.008009344339370728,0.008009344339370728,0.008009344339370728,False,57.19205641746521,,
141,1.5477647516462538,0.007931851781904697,0.007931851781904697,0.007931851781904697,False,57.49745035171509,,
142,1.5806103944778442,0.007809878326952457,0.007809878326952457,0.007809878326952457,False,57.79529595375061,,
143,1.4848245249854193,0.00772365927696228,0.00772365927696228,0.00772365927696228,False,58.09322118759155,,
144,1.5329449706607394,0.0075643546879291534,0.0075643546879291534,0.0075643546879291534,False,58.396788597106934,,
145,1.5429234637154474,0.007447808049619198,0.007447808049619198,0.007447808049619198,False,58.696852684020996,,
146,1.4638885127173529,0.0073635876178741455,0.0073635876178741455,0.0073635876178741455,False,58.992783069610596,,
147,1.5277474853727553,0.007320908829569817,0.007320908829569817,0.007320908829569817,False,59.28849005699158,,
148,1.4805555873446994,0.007253778167068958,0.007253778167068958,0.007253778167068958,False,59.592326164245605,,
149,1.4750729136996799,0.0072419727221131325,0.0072419727221131325,0.0072419727221131325,False,59.889307260513306,,
150,1.4583128425810072,0.0071230698376894,0.0071230698376894,0.0071230698376894,False,60.18589997291565,1.492498591211107,0.44335937500000006
151,1.468129621611701,0.007122562266886234,0.007122562266886234,0.007122562266886234,False,64.28668904304504,,
152,1.3593496746487088,0.007071289233863354,0.007071289233863354,0.007071289233863354,False,64.59160470962524,,
153,1.5325599776373968,0.007043295539915562,0.007043295539915562,0.007043295539915562,False,64.88798666000366,,
154,1.4967459440231323,0.006997229531407356,0.006997229531407356,0.006997229531407356,False,65.1911027431488,,
155,1.5673551162083943,0.006970587186515331,0.006970587186515331,0.006970587186515331,False,65.49208045005798,,
156,1.456913709640503,0.006884228438138962,0.006884228438138962,0.006884228438138962,False,65.79812121391296,,
157,1.5319529241985745,0.006819291040301323,0.006819291040301323,0.006819291040301323,False,66.10409235954285,,
158,1.5104694498909845,0.006712192669510841,0.006712192669510841,0.006712192669510841,False,66.40902423858643,,
159,1.435088833173116,0.006606411188840866,0.006606411188840866,0.006606411188840866,False,66.70929670333862,,
160,1.4786776569154527,0.006575544364750385,0.006575544364750385,0.006575544364750385,False,67.02403426170349,,
161,1.510563784175449,0.006547573953866959,0.006547573953866959,0.006547573953866959,False,67.32576489448547,,
162,1.361427558792962,0.006558706052601337,0.006558706052601337,0.006558706052601337,False,67.62804508209229,,
163,1.493011514345805,0.00655965693295002,0.00655965693295002,0.00655965693295002,False,67.93189930915833,,
164,1.4323573377397325,0.006506827659904957,0.006506827659904957,0.006506827659904957,False,68.24238562583923,,
165,1.3818464411629572,0.0064572542905807495,0.0064572542905807495,0.0064572542905807495,False,68.55353569984436,,
166,1.4601004123687744,0.006492328830063343,0.006492328830063343,0.006492328830063343,False,68.85172891616821,,
167,1.4883894787894354,0.006469761952757835,0.006469761952757835,0.006469761952757835,False,69.1500153541565,,
168,1.4086612727906969,0.006450665183365345,0.006450665183365345,0.006450665183365345,False,69.44165253639221,,
169,1.4277826282713149,0.006518174894154072,0.006518174894154072,0.006518174894154072,False,69.73452019691467,,
170,1.4184640778435602,0.006526462733745575,0.006526462733745575,0.006526462733745575,False,70.02667331695557,,
171,1.4952506356769137,0.006460707634687424,0.006460707634687424,0.006460707634687424,False,70.31872916221619,,
172,1.4633367591434054,0.006428263150155544,0.006428263150155544,0.006428263150155544,False,70.61083674430847,,
173,1.3934184710184734,0.006359083577990532,0.006359083577990532,0.006359083577990532,False,70.86407613754272,,
174,1.3752187225553725,0.006403900682926178,0.006403900682926178,0.006403900682926178,False,71.58953738212585,,
175,1.418211579322815,0.006407591514289379,0.006407591514289379,0.006407591514289379,False,71.8873348236084,,
176,1.4614271720250447,0.006394278258085251,0.006394278258085251,0.006394278258085251,False,72.18887114524841,,
177,1.427279339896308,0.006420407444238663,0.006420407444238663,0.006420407444238663,False,72.50811433792114,,
178,1.445881379975213,0.006371360272169113,0.006371360272169113,0.006371360272169113,False,72.80365228652954,,
179,1.3442429171668158,0.0064851827919483185,0.0064851827919483185,0.0064851827919483185,False,73.10630559921265,,
180,1.467112421989441,0.006458175368607044,0.006458175368607044,0.006458175368607044,False,73.40309572219849,,
181,1.431477599673801,0.0064391205087304115,0.0064391205087304115,0.0064391205087304115,False,73.70249724388123,,
182,1.4070260127385457,0.006267511285841465,0.006267511285841465,0.006267511285841465,False,74.00186800956726,,
183,1.4815336068471272,0.006099256686866283,0.006099256686866283,0.006099256686866283,False,74.29966640472412,,
184,1.3965410788853962,0.006004717200994492,0.006004717200994492,0.006004717200994492,False,74.5975091457367,,
185,1.4421909782621596,0.005863474681973457,0.005863474681973457,0.005863474681973457,False,74.89626002311707,,
186,1.4112544854482014,0.005860829725861549,0.005860829725861549,0.005860829725861549,False,75.19350051879883,,
187,1.390118678410848,0.005857064388692379,0.005857064388692379,0.005857064388692379,False,75.48970174789429,,
188,1.4872139427396986,0.00581157673150301,0.00581157673150301,0.00581157673150301,False,75.79474806785583,,
189,1.4728327724668715,0.005686105228960514,0.005686105228960514,0.005686105228960514,False,76.09715247154236,,
190,1.3727811574935913,0.005581418983638287,0.005581418983638287,0.005581418983638287,False,76.39307856559753,,
191,1.4264797104729547,0.005510800518095493,0.005510800518095493,0.005510800518095493,False,76.69156408309937,,
192,1.4112694660822551,0.005486967973411083,0.005486967973411083,0.005486967973411083,False,77.00327658653259,,
193,1.3891093333562214,0.005614669062197208,0.005614669062197208,0.005614669062197208,False,77.30123519897461,,
194,1.4266059398651123,0.005685879848897457,0.005685879848897457,0.005685879848897457,False,77.6041648387909,,
195,1.3902532524532742,0.005657656118273735,0.005657656118273735,0.005657656118273735,False,77.90363502502441,,
196,1.3910259670681424,0.005529014393687248,0.005529014393687248,0.005529014393687248,False,78.20419001579285,,
197,1.4520701964696248,0.005415382795035839,0.005415382795035839,0.005415382795035839,False,78.50794887542725,,
198,1.360031591521369,0.0053834207355976105,0.0053834207355976105,0.0053834207355976105,False,78.80650568008423,,
199,1.38488589392768,0.005299380049109459,0.005299380049109459,0.005299380049109459,False,79.11572766304016,,
200,1.4032182958390977,0.005217083729803562,0.005217083729803562,0.005217083729803562,False,79.41906404495239,1.4514784653981525,0.46263020833333335
201,1.3470010889901056,0.005178593099117279,0.005178593099117279,0.005178593099117279,False,83.51191663742065,,
202,1.3779780202441745,0.0050795795395970345,0.0050795795395970345,0.0050795795395970345,False,83.81243824958801,,
203,1.452868382136027,0.004993807524442673,0.004993807524442673,0.004993807524442673,False,84.11298251152039,,
204,1.3617487086190119,0.004931868053972721,0.004931868053972721,0.004931868053972721,False,84.41187930107117,,
205,1.3566803799735174,0.004902536980807781,0.004902536980807781,0.004902536980807781,False,84.7152533531189,,
206,1.3556539085176256,0.004925813525915146,0.004925813525915146,0.004925813525915146,False,85.02637267112732,,
207,1.4005524582333035,0.005010885186493397,0.005010885186493397,0.005010885186493397,False,85.32804918289185,,
208,1.3720567756228976,0.004909375682473183,0.004909375682473183,0.004909375682473183,False,85.62782144546509,,
209,1.4038354290856256,0.004860430024564266,0.004860430024564266,0.004860430024564266,False,85.92826819419861,,
210,1.3529622024959989,0.004788711667060852,0.004788711667060852,0.004788711667060852,False,86.22793459892273,,
211,1.3620202541351318,0.0047532012686133385,0.0047532012686133385,0.0047532012686133385,False,86.52423691749573,,
212,1.3383222553465102,0.004639416001737118,0.004639416001737118,0.004639416001737118,False,86.82551169395447,,
213,1.2550878127415974,0.004608268849551678,0.004608268849551678,0.004608268849551678,False,87.12395024299622,,
214,1.3730390071868896,0.00457671657204628,0.00457671657204628,0.00457671657204628,False,87.42428541183472,,
215,1.3315915664037068,0.0045780399814248085,0.0045780399814248085,0.0045780399814248085,False,87.72956037521362,,
216,1.3033775091171265,0.004539120011031628,0.004539120011031628,0.004539120011031628,False,88.02792358398438,,
217,1.3730793529086642,0.004529550671577454,0.004529550671577454,0.004529550671577454,False,88.32699060440063,,
218,1.3271333641476102,0.004535997286438942,0.004535997286438942,0.004535997286438942,False,88.62795376777649,,
219,1.3778388367758856,0.004469292238354683,0.004469292238354683,0.004469292238354683,False,88.92768955230713,,
220,1.3274115324020386,0.004451952874660492,0.004451952874660492,0.004451952874660492,False,89.22845387458801,,
221,1.2788918548160129,0.004417329095304012,0.004417329095304012,0.004417329095304012,False,89.53248381614685,,
222,1.3844516807132297,0.004372807219624519,0.004372807219624519,0.004372807219624519,False,89.82849287986755,,
223,1.3087475034925673,0.004377227276563644,0.004377227276563644,0.004377227276563644,False,90.13086032867432,,
224,1.3682530853483412,0.004370320588350296,0.004370320588350296,0.004370320588350296,False,90.43200874328613,,
225,1.3383100430170696,0.004465791396796703,0.004465791396796703,0.004465791396796703,False,90.73734211921692,,
226,1.279016825887892,0.004519596695899963,0.004519596695899963,0.004519596695899963,False,91.03960752487183,,
227,1.2841590642929077,0.004530101083219051,0.004530101083219051,0.004530101083219051,False,91.35697841644287,,
228,1.3176566627290514,0.004413435235619545,0.004413435235619545,0.004413435235619545,False,91.65502429008484,,
229,1.28210096889072,0.004348849877715111,0.004348849877715111,0.004348849877715111,False,91.95872282981873,,
230,1.333689014116923,0.004299746826291084,0.004299746826291084,0.004299746826291084,False,92.2583863735199,,
231,1.2409016556209989,0.004156430251896381,0.004156430251896381,0.004156430251896381,False,92.56132054328918,,
232,1.2747155825297039,0.004147082567214966,0.004147082567214966,0.004147082567214966,False,92.86630535125732,,
233,1.3073252307044134,0.004110028967261314,0.004110028967261314,0.004110028967261314,False,93.17338347434998,,
234,1.2474849489000108,0.004128556698560715,0.004128556698560715,0.004128556698560715,False,93.48834538459778,,
235,1.2932671043607924,0.004152525216341019,0.004152525216341019,0.004152525216341019,False,93.79213190078735,,
236,1.2393831941816542,0.004043026827275753,0.004043026827275753,0.004043026827275753,False,94.09229397773743,,
237,1.2723898225360446,0.003976382315158844,0.003976382315158844,0.003976382315158844,False,94.38938069343567,,
238,1.3659846782684326,0.0038613229990005493,0.0038613229990005493,0.0038613229990005493,False,94.69439172744751,,
239,1.32264158460829,0.003742632456123829,0.003742632456123829,0.003742632456123829,False,94.99552059173584,,
240,1.2485307455062866,0.003609209321439266,0.003609209321439266,0.003609209321439266,False,95.29959917068481,,
241,1.297280298338996,0.0034372718073427677,0.0034372718073427677,0.0034372718073427677,False,95.60093641281128,,
242,1.2812613116370306,0.003339347429573536,0.003339347429573536,0.003339347429573536,False,95.89978384971619,,
243,1.2196215126249526,0.0033416100777685642,0.0033416100777685642,0.0033416100777685642,False,96.19686341285706,,
244,1.2529567215177748,0.0032774661667644978,0.0032774661667644978,0.0032774661667644978,False,96.49502301216125,,
245,1.2118474509980943,0.0033331653103232384,0.0033331653103232384,0.0033331653103232384,False,96.79500102996826,,
246,1.3116931915283203,0.0033543258905410767,0.0033543258905410767,0.0033543258905410767,False,97.09296727180481,,
247,1.34709632396698,0.0034151365980505943,0.0034151365980505943,0.0034151365980505943,False,97.40311217308044,,
248,1.2214617994096544,0.0034281089901924133,0.0034281089901924133,0.0034281089901924133,False,97.70830535888672,,
249,1.3499994940227933,0.0032819784246385098,0.0032819784246385098,0.0032819784246385098,False,98.01021790504456,,
250,1.380788697136773,0.0031691258773207664,0.0031691258773207664,0.0031691258773207664,False,98.30770015716553,1.360346812672085,0.5124565972222223
251,1.352486252784729,0.0029975292272865772,0.0029975292272865772,0.0029975292272865772,False,102.380535364151,,
252,1.3102831376923456,0.0028931088745594025,0.0028931088745594025,0.0028931088745594025,False,102.6868839263916,,
253,1.227850251727634,0.0029282812029123306,0.0029282812029123306,0.0029282812029123306,False,102.98007249832153,,
254,1.3369356128904555,0.0029954928904771805,0.0029954928904771805,0.0029954928904771805,False,103.27299761772156,,
255,1.1640588111347623,0.0029169456101953983,0.0029169456101953983,0.0029169456101953983,False,103.56694340705872,,
256,1.2336825397279527,0.0029095569625496864,0.0029095569625496864,0.0029095569625496864,False,103.86058354377747,,
257,1.2013907233874004,0.0029145684093236923,0.0029145684093236923,0.0029145684093236923,False,104.15485835075378,,
258,1.1938552392853632,0.0029484634287655354,0.0029484634287655354,0.0029484634287655354,False,104.44813513755798,,
259,1.3001768456565008,0.0028861919417977333,0.0028861919417977333,0.0028861919417977333,False,104.74146294593811,,
260,1.215285685327318,0.002658114768564701,0.002658114768564701,0.002658114768564701,False,104.99541449546814,,
261,1.321411477194892,0.002605751622468233,0.002605751622468233,0.002605751622468233,False,105.73218989372253,,
262,1.281465556886461,0.0025719814002513885,0.0025719814002513885,0.0025719814002513885,False,106.03060960769653,,
263,1.2545629011260138,0.0024945903569459915,0.0024945903569459915,0.0024945903569459915,False,106.33933544158936,,
264,1.1823096076647441,0.002479134127497673,0.002479134127497673,0.002479134127497673,False,106.64167046546936,,
265,1.2326694197124906,0.002232690341770649,0.002232690341770649,0.002232690341770649,False,106.95099234580994,,
266,1.2783568170335557,0.0021112002432346344,0.0021112002432346344,0.0021112002432346344,False,107.25008726119995,,
267,1.1766864591174655,0.0020416458137333393,0.0020416458137333393,0.0020416458137333393,False,107.54760789871216,,
268,1.2392132480939229,0.002007296308875084,0.002007296308875084,0.002007296308875084,False,107.8484137058258,,
269,1.2153826687071059,0.00199988204985857,0.00199988204985857,0.00199988204985857,False,108.14690470695496,,
270,1.2100601063834295,0.001989437732845545,0.001989437732845545,0.001989437732845545,False,108.45109629631042,,
271,1.1895369688669841,0.0019755824469029903,0.0019755824469029903,0.0019755824469029903,False,108.7584080696106,,
272,1.2241887119081285,0.0018483111634850502,0.0018483111634850502,0.0018483111634850502,False,109.07220435142517,,
273,1.248369766606225,0.0018229130655527115,0.0018229130655527115,0.0018229130655527115,False,109.37165021896362,,
274,1.2774339781867132,0.0018076333217322826,0.0018076333217322826,0.0018076333217322826,False,109.67331790924072,,
275,1.1557834876908197,0.0016986667178571224,0.0016986667178571224,0.0016986667178571224,False,109.97341632843018,,
276,1.1051580508550007,0.0017045200802385807,0.0017045200802385807,0.0017045200802385807,False,110.27225041389465,,
277,1.1613719529575772,0.0016897264868021011,0.0016897264868021011,0.0016897264868021011,False,110.5716016292572,,
278,1.2759514053662617,0.0016313116066157818,0.0016313116066157818,0.0016313116066157818,False,110.87677025794983,,
279,1.2245146036148071,0.0015325620770454407,0.0015325620770454407,0.0015325620770454407,False,111.180095911026,,
280,1.273005657725864,0.0015627425163984299,0.0015627425163984299,0.0015627425163984299,False,111.49309086799622,,
281,1.2595355643166437,0.0016275644302368164,0.0016275644302368164,0.0016275644302368164,False,111.79200959205627,,
282,1.2295521232816908,0.0016560088843107224,0.0016560088843107224,0.0016560088843107224,False,112.09078931808472,,
283,1.1153767771191068,0.00164765864610672,0.00164765864610672,0.00164765864610672,False,112.38997149467468,,
284,1.1423052880499098,0.001607340294867754,0.001607340294867754,0.001607340294867754,False,112.6950786113739,,
285,1.0959878034061856,0.001581206452101469,0.001581206452101469,0.001581206452101469,False,112.99572014808655,,
286,1.1818255517217848,0.0017329063266515732,0.0017329063266515732,0.0017329063266515732,False,113.29968500137329,,
287,1.1527584923638239,0.0018471740186214447,0.0018471740186214447,0.0018471740186214447,False,113.59991645812988,,
288,1.1763559248712327,0.0017783381044864655,0.0017783381044864655,0.0017783381044864655,False,113.90498757362366,,
289,1.1741057369444106,0.0017419406212866306,0.0017419406212866306,0.0017419406212866306,False,114.20452570915222,,
290,1.1704045467906528,0.0018054526299238205,0.0018054526299238205,0.0018054526299238205,False,114.50168013572693,,
291,1.2024779849582248,0.0018306626006960869,0.0018306626006960869,0.0018306626006960869,False,114.80222773551941,,
292,1.1383747922049627,0.00179342832416296,0.00179342832416296,0.00179342832416296,False,115.12138676643372,,
293,1.2519960933261447,0.0016360124573111534,0.0016360124573111534,0.0016360124573111534,False,115.42320227622986,,
294,1.1128246850437589,0.0015175133012235165,0.0015175133012235165,0.0015175133012235165,False,115.72779583930969,,
295,1.1485520468817816,0.001493276096880436,0.001493276096880436,0.001493276096880436,False,116.02985668182373,,
296,1.23938074376848,0.0014594634994864464,0.0014594634994864464,0.0014594634994864464,False,116.32828259468079,,
297,1.1236437227990892,0.001433604396879673,0.001433604396879673,0.001433604396879673,False,116.62757730484009,,
298,1.096463766362932,0.0014236662536859512,0.0014236662536859512,0.0014236662536859512,False,116.92859148979187,,
299,1.2057613929112752,0.0015091854147613049,0.0015091854147613049,0.0015091854147613049,False,117.23347902297974,,
300,1.138457112842136,0.0015094480477273464,0.0015094480477273464,0.0015094480477273464,False,117.53725719451904,1.19544344080819,0.5598958333333333
301,1.1257329781850178,0.0015351008623838425,0.0015351008623838425,0.0015351008623838425,False,121.66922640800476,,
302,1.1127237346437242,0.0015152059495449066,0.0015152059495449066,0.0015152059495449066,False,121.97479629516602,,
303,1.2218739721510146,0.0014667962677776814,0.0014667962677776814,0.0014667962677776814,False,122.28547620773315,,
304,1.245488550927904,0.001451707910746336,0.001451707910746336,0.001451707910746336,False,122.59420680999756,,
305,1.2055956257714167,0.001487123779952526,0.001487123779952526,0.001487123779952526,False,122.89952540397644,,
306,1.078848381837209,0.0014335042797029018,0.0014335042797029018,0.0014335042797029018,False,123.20813417434692,,
307,1.1892011298073664,0.0014130696654319763,0.0014130696654319763,0.0014130696654319763,False,123.51325416564941,,
308,1.198644995689392,0.0013937843032181263,0.0013937843032181263,0.0013937843032181263,False,123.82135605812073,,
309,1.1580835978190105,0.0014045638963580132,0.0014045638963580132,0.0014045638963580132,False,124.12302803993225,,
310,1.1368543306986492,0.001445865724235773,0.001445865724235773,0.001445865724235773,False,124.4321653842926,,
311,1.1386113233036466,0.0014583161100745201,0.0014583161100745201,0.0014583161100745201,False,124.7308599948883,,
312,1.1304614742596943,0.0015592859126627445,0.0015592859126627445,0.0015592859126627445,False,125.03063249588013,,
313,1.0661553608046637,0.00163215771317482,0.00163215771317482,0.00163215771317482,False,125.33954906463623,,
314,1.147149297926161,0.0016766535118222237,0.0016766535118222237,0.0016766535118222237,False,125.64563846588135,,
315,1.1065804958343506,0.0016569988802075386,0.0016569988802075386,0.0016569988802075386,False,125.94927191734314,,
316,1.0845593346489801,0.0017128349281847477,0.0017128349281847477,0.0017128349281847477,False,126.24901628494263,,
317,1.1229881313112047,0.001748358365148306,0.001748358365148306,0.001748358365148306,False,126.54755401611328,,
318,1.1014611919720967,0.0017053349874913692,0.0017053349874913692,0.0017053349874913692,False,126.84798812866211,,
319,1.0958623356289334,0.0017703534103929996,0.0017703534103929996,0.0017703534103929996,False,127.14799523353577,,
320,1.1556690600183275,0.0017622937448322773,0.0017622937448322773,0.0017622937448322773,False,127.45694279670715,,
321,1.0882953736517165,0.0018174066208302975,0.0018174066208302975,0.0018174066208302975,False,127.76292562484741,,
322,1.0877973635991414,0.001868843100965023,0.001868843100965023,0.001868843100965023,False,128.06165075302124,,
323,1.0474618209732904,0.001974143087863922,0.001974143087863922,0.001974143087863922,False,128.36108684539795,,
324,1.1145448750919766,0.00198313407599926,0.00198313407599926,0.00198313407599926,False,128.6670994758606,,
325,1.073896586894989,0.001962257083505392,0.001962257083505392,0.001962257083505392,False,128.96616387367249,,
326,1.0987945861286588,0.001905989833176136,0.001905989833176136,0.001905989833176136,False,129.2662444114685,,
327,1.1815871397654216,0.0018223710358142853,0.0018223710358142853,0.0018223710358142853,False,129.56591415405273,,
328,1.1108452479044597,0.0018912842497229576,0.0018912842497229576,0.0018912842497229576,False,129.86792492866516,,
329,1.0377168258031209,0.0016889586113393307,0.0016889586113393307,0.0016889586113393307,False,130.1689612865448,,
330,1.0512701604101393,0.0017068777233362198,0.0017068777233362198,0.0017068777233362198,False,130.4783217906952,,
331,1.1767439444859822,0.0017072204500436783,0.0017072204500436783,0.0017072204500436783,False,130.77918696403503,,
332,1.109540389643775,0.001611506100744009,0.001611506100744009,0.001611506100744009,False,131.0826599597931,,
333,1.2046412626902263,0.0016490793786942959,0.0016490793786942959,0.0016490793786942959,False,131.38797521591187,,
334,1.208516048060523,0.001728004775941372,0.001728004775941372,0.001728004775941372,False,131.68823838233948,,
335,1.0088544024361505,0.0017255181446671486,0.0017255181446671486,0.0017255181446671486,False,131.9916410446167,,
336,1.071649796432919,0.00174356484785676,0.00174356484785676,0.00174356484785676,False,132.29441332817078,,
337,1.0768708056873746,0.0017107399180531502,0.0017107399180531502,0.0017107399180531502,False,132.59350490570068,,
338,1.1067499385939703,0.0016591311432421207,0.0016591311432421207,0.0016591311432421207,False,132.89235663414001,,
339,1.0894348356458876,0.0016407459042966366,0.0016407459042966366,0.0016407459042966366,False,133.21216106414795,,
340,1.1076151993539598,0.001608012244105339,0.001608012244105339,0.001608012244105339,False,133.50680136680603,,
341,1.081290192074246,0.001559380441904068,0.001559380441904068,0.001559380441904068,False,133.80139327049255,,
342,1.096896191438039,0.0014082640409469604,0.0014082640409469604,0.0014082640409469604,False,134.09561109542847,,
343,1.071206635899014,0.0012903623282909393,0.0012903623282909393,0.0012903623282909393,False,134.39042615890503,,
344,1.1129106548097398,0.001240353100001812,0.001240353100001812,0.001240353100001812,False,134.68525624275208,,
345,1.0456448131137424,0.0012287418358027935,0.0012287418358027935,0.0012287418358027935,False,134.97970533370972,,
346,1.0395744972758822,0.001059447880834341,0.001059447880834341,0.001059447880834341,False,135.2741527557373,,
347,1.1123693585395813,0.0009939256124198437,0.0009939256124198437,0.0009939256124198437,False,135.52901768684387,,
348,1.1028673648834229,0.0009545264765620232,0.0009545264765620232,0.0009545264765620232,False,136.24362111091614,,
349,1.0199379523595173,0.0009454386308789253,0.0009454386308789253,0.0009454386308789253,False,136.54136300086975,,
350,1.0383889277776082,0.0009325789287686348,0.0009325789287686348,0.0009325789287686348,False,136.83929657936096,1.3239314900504218,0.5660156249999999
351,1.126185244984097,0.0007688142359256744,0.0007688142359256744,0.0007688142359256744,False,140.79842400550842,,
352,1.0532617900106642,0.0008392347954213619,0.0008392347954213619,0.0008392347954213619,False,141.09623885154724,,
353,0.9161283241377937,0.000800285954028368,0.000800285954028368,0.000800285954028368,False,141.3958580493927,,
354,1.0704518093003168,0.0009117699228227139,0.0009117699228227139,0.0009117699228227139,False,141.69681572914124,,
355,1.0443474054336548,0.0009382981806993484,0.0009382981806993484,0.0009382981806993484,False,141.99605321884155,,
356,1.0554764204555087,0.00090425880625844,0.00090425880625844,0.00090425880625844,False,142.29472422599792,,
357,1.0483577648798625,0.0009147659875452518,0.0009147659875452518,0.0009147659875452518,False,142.59853768348694,,
358,1.14904033475452,0.001084380317479372,0.001084380317479372,0.001084380317479372,False,142.89811444282532,,
359,0.9882404738002353,0.0011993451043963432,0.0011993451043963432,0.0011993451043963432,False,143.2005844116211,,
360,0.9772251314587064,0.0012414217926561832,0.0012414217926561832,0.0012414217926561832,False,143.50445318222046,,
361,1.021961271762848,0.0013339859433472157,0.0013339859433472157,0.0013339859433472157,False,143.80453515052795,,
362,1.0490417149331834,0.0013436307199299335,0.0013436307199299335,0.0013436307199299335,False,144.10210132598877,,
363,0.9627130164040459,0.0012669372372329235,0.0012669372372329235,0.0012669372372329235,False,144.40118598937988,,
364,0.9724894298447503,0.0010744729079306126,0.0010744729079306126,0.0010744729079306126,False,144.71203064918518,,
365,0.9297202626864115,0.001039865892380476,0.001039865892380476,0.001039865892380476,False,145.01555705070496,,
366,1.033515837457445,0.0010680234991014004,0.0010680234991014004,0.0010680234991014004,False,145.3261091709137,,
367,1.062728398376041,0.0011329739354550838,0.0011329739354550838,0.0011329739354550838,False,145.6341781616211,,
368,1.00435072183609,0.0011104736477136612,0.0011104736477136612,0.0011104736477136612,False,145.94579029083252,,
369,1.0838283830218844,0.0011026328429579735,0.0011026328429579735,0.0011026328429579735,False,146.25422978401184,,
370,0.9813257455825806,0.001181549858301878,0.001181549858301878,0.001181549858301878,False,146.56158256530762,,
371,0.9870664344893562,0.0011906507425010204,0.0011906507425010204,0.0011906507425010204,False,146.8683295249939,,
372,1.052622960673438,0.0012491489760577679,0.0012491489760577679,0.0012491489760577679,False,147.16887497901917,,
373,0.9875492983394198,0.0013240734115242958,0.0013240734115242958,0.0013240734115242958,False,147.47127652168274,,
374,1.0055333971977234,0.0012659505009651184,0.0012659505009651184,0.0012659505009651184,False,147.77189302444458,,
375,1.0096057322290208,0.001256468240171671,0.001256468240171671,0.001256468240171671,False,148.08161854743958,,
376,0.9905468490388658,0.001324332319200039,0.001324332319200039,0.001324332319200039,False,148.3835916519165,,
377,1.0480400456322565,0.0013433382846415043,0.0013433382846415043,0.0013433382846415043,False,148.68534445762634,,
378,0.9606428543726603,0.0012910510413348675,0.0012910510413348675,0.0012910510413348675,False,148.9883041381836,,
379,1.0223448408974543,0.001259317621588707,0.001259317621588707,0.001259317621588707,False,149.28450393676758,,
380,1.0481948256492615,0.0013136835768818855,0.0013136835768818855,0.0013136835768818855,False,149.58310627937317,,
381,1.1039579510688782,0.0013141259551048279,0.0013141259551048279,0.0013141259551048279,False,149.89503931999207,,
382,1.0418972836600409,0.0013878042809665203,0.0013878042809665203,0.0013878042809665203,False,150.19443488121033,,
383,1.037330196963416,0.001372508704662323,0.001372508704662323,0.001372508704662323,False,150.49505853652954,,
384,1.1219898727205064,0.0014692679978907108,0.0014692679978907108,0.0014692679978907108,False,150.79972314834595,,
385,1.022386650244395,0.0014618206769227982,0.0014618206769227982,0.0014618206769227982,False,151.10492420196533,,
386,0.9853250583012899,0.0014577577821910381,0.0014577577821910381,0.0014577577821910381,False,151.4123661518097,,
387,1.0531616873211331,0.0014363648369908333,0.0014363648369908333,0.0014363648369908333,False,151.71429538726807,,
388,1.0926216973198786,0.0014306968078017235,0.0014306968078017235,0.0014306968078017235,False,152.02023768424988,,
389,0.9885170989566379,0.0013360106386244297,0.0013360106386244297,0.0013360106386244297,False,152.33182382583618,,
390,1.0067870948049757,0.0013190004974603653,0.0013190004974603653,0.0013190004974603653,False,152.6457667350769,,
391,1.0984065996276007,0.0013698306865990162,0.0013698306865990162,0.0013698306865990162,False,152.9712154865265,,
392,1.0164600279596117,0.0013886438682675362,0.0013886438682675362,0.0013886438682675362,False,153.2812340259552,,
393,1.0615829825401306,0.0014410191215574741,0.0014410191215574741,0.0014410191215574741,False,153.58779072761536,,
394,1.0180077486568027,0.0014028805308043957,0.0014028805308043957,0.0014028805308043957,False,153.88839507102966,,
395,1.0198113520940144,0.001373728271573782,0.001373728271573782,0.001373728271573782,False,154.19378209114075,,
396,0.980164991484748,0.0012279911898076534,0.0012279911898076534,0.0012279911898076534,False,154.49232959747314,,
397,0.9688802692625258,0.0013030469417572021,0.0013030469417572021,0.0013030469417572021,False,154.7967939376831,,
398,1.0046652489238315,0.0012271935120224953,0.0012271935120224953,0.0012271935120224953,False,155.097558259964,,
399,0.9547828965716891,0.0012603024952113628,0.0012603024952113628,0.0012603024952113628,False,155.40240097045898,,
400,0.9687593248155382,0.0012449398636817932,0.0012449398636817932,0.0012449398636817932,False,155.70262241363525,1.3446755674150255,0.556640625
401,0.9210000369283888,0.00130423903465271,0.00130423903465271,0.00130423903465271,False,159.7371301651001,,
402,0.9398384690284729,0.0013715438544750214,0.0013715438544750214,0.0013715438544750214,False,160.0358772277832,,
403,1.0139141413900588,0.0013813311234116554,0.0013813311234116554,0.0013813311234116554,False,160.33902859687805,,
404,1.018889327843984,0.0014453590847551823,0.0014453590847551823,0.0014453590847551823,False,160.6439380645752,,
405,1.014939182334476,0.0014667361974716187,0.0014667361974716187,0.0014667361974716187,False,160.94313144683838,,
406,1.071064790089925,0.0015005683526396751,0.0015005683526396751,0.0015005683526396751,False,161.24611639976501,,
407,1.0139942235416837,0.0014175469987094402,0.0014175469987094402,0.0014175469987094402,False,161.55043959617615,,
408,1.015078279707167,0.0013743164017796516,0.0013743164017796516,0.0013743164017796516,False,161.85079383850098,,
409,0.94393476512697,0.0012825634330511093,0.0012825634330511093,0.0012825634330511093,False,162.16009664535522,,
410,0.9815626475546095,0.001240764744579792,0.001240764744579792,0.001240764744579792,False,162.46384382247925,,
411,0.9874587721294827,0.0012477482669055462,0.0012477482669055462,0.0012477482669055462,False,162.78102493286133,,
412,0.9924862715933058,0.0012243343517184258,0.0012243343517184258,0.0012243343517184258,False,163.08601450920105,,
413,0.9537184370888604,0.001139029860496521,0.001139029860496521,0.001139029860496521,False,163.38848495483398,,
414,1.0434091223610773,0.0012456555850803852,0.0012456555850803852,0.0012456555850803852,False,163.69145584106445,,
415,1.0091591146257188,0.001296420581638813,0.001296420581638813,0.001296420581638813,False,163.99290108680725,,
416,1.0021256142192416,0.0013263709843158722,0.0013263709843158722,0.0013263709843158722,False,164.29235196113586,,
417,1.0063413845168219,0.001416622195392847,0.001416622195392847,0.001416622195392847,False,164.59259605407715,,
418,0.953676356209649,0.001403328962624073,0.001403328962624073,0.001403328962624073,False,164.89685535430908,,
419,0.9360347191492716,0.0014008861035108566,0.0014008861035108566,0.0014008861035108566,False,165.19947481155396,,
420,0.9427483876546224,0.0013628420419991016,0.0013628420419991016,0.0013628420419991016,False,165.49808764457703,,
421,0.9706898861461215,0.0014041950926184654,0.0014041950926184654,0.0014041950926184654,False,165.79798531532288,,
422,0.9199994272655911,0.0015358012169599533,0.0015358012169599533,0.0015358012169599533,False,166.10594058036804,,
423,1.0619433522224426,0.001567017287015915,0.001567017287015915,0.001567017287015915,False,166.40284872055054,,
424,0.9587688247362772,0.0016182688996195793,0.0016182688996195793,0.0016182688996195793,False,166.7090606689453,,
425,0.960782335864173,0.0016559530049562454,0.0016559530049562454,0.0016559530049562454,False,167.0209321975708,,
426,0.9859941601753235,0.00161700788885355,0.00161700788885355,0.00161700788885355,False,167.33031129837036,,
427,0.9264815383487277,0.0014892425388097763,0.0014892425388097763,0.0014892425388097763,False,167.625470161438,,
428,0.9764988488621182,0.0013482156209647655,0.0013482156209647655,0.0013482156209647655,False,167.92278623580933,,
429,1.0086673630608454,0.0013633007183670998,0.0013633007183670998,0.0013633007183670998,False,168.21790194511414,,
430,0.9569164448314242,0.001391884870827198,0.001391884870827198,0.001391884870827198,False,168.51137471199036,,
431,0.9517773124906752,0.0014125509187579155,0.0014125509187579155,0.0014125509187579155,False,168.8062653541565,,
432,0.9701414108276367,0.0014551077038049698,0.0014551077038049698,0.0014551077038049698,False,169.10074496269226,,
433,0.9833197792371114,0.0013925349339842796,0.0013925349339842796,0.0013925349339842796,False,169.3949489593506,,
434,0.9395697116851807,0.0012350152246654034,0.0012350152246654034,0.0012350152246654034,False,169.64899945259094,,
435,0.9518397516674466,0.001051020808517933,0.001051020808517933,0.001051020808517933,False,170.3505048751831,,
436,0.9265037510130141,0.0010175425559282303,0.0010175425559282303,0.0010175425559282303,False,170.64976167678833,,
437,0.9328661627239652,0.0009484775364398956,0.0009484775364398956,0.0009484775364398956,False,170.95490860939026,,
438,0.9593324065208435,0.0009214887395501137,0.0009214887395501137,0.0009214887395501137,False,171.2567811012268,,
439,0.9509097867541842,0.0007485169917345047,0.0007485169917345047,0.0007485169917345047,False,171.56308579444885,,
440,0.8566100200017294,0.0006797011010348797,0.0006797011010348797,0.0006797011010348797,False,171.86298847198486,,
441,0.8894732793172201,0.0006425976753234863,0.0006425976753234863,0.0006425976753234863,False,172.16301918029785,,
442,0.8552316957049899,0.0006411741487681866,0.0006411741487681866,0.0006411741487681866,False,172.46322679519653,,
443,0.8347280820210775,0.0005769799463450909,0.0005769799463450909,0.0005769799463450909,False,172.7613263130188,,
444,0.9256129463513693,0.0006109667010605335,0.0006109667010605335,0.0006109667010605335,False,173.062171459198,,
445,0.9215097228686014,0.0006707869470119476,0.0006707869470119476,0.0006707869470119476,False,173.37156677246094,,
446,1.0050271550814311,0.0007488327100872993,0.0007488327100872993,0.0007488327100872993,False,173.67679262161255,,
447,0.9568692445755005,0.0008125626482069492,0.0008125626482069492,0.0008125626482069492,False,173.97511863708496,,
448,0.8656420442793105,0.0007392242550849915,0.0007392242550849915,0.0007392242550849915,False,174.2764024734497,,
449,0.9849415951304965,0.0006097480654716492,0.0006097480654716492,0.0006097480654716492,False,174.58129572868347,,
450,0.9387064509921603,0.0006487853825092316,0.0006487853825092316,0.0006487853825092316,False,174.88823056221008,1.1748482061756982,0.6068142361111111
451,0.9448999961217245,0.0006595086306333542,0.0006595086306333542,0.0006595086306333542,False,178.94193959236145,,
452,0.9059061143133376,0.0006761164404451847,0.0006761164404451847,0.0006761164404451847,False,179.2492275238037,,
453,0.8412109282281663,0.0007021399214863777,0.0007021399214863777,0.0007021399214863777,False,179.5567183494568,,
454,0.880698906050788,0.0007314160466194153,0.0007314160466194153,0.0007314160466194153,False,179.86048865318298,,
455,0.9478959971004062,0.0006029424257576466,0.0006029424257576466,0.0006029424257576466,False,180.16450238227844,,
456,0.912071684996287,0.0004350789822638035,0.0004350789822638035,0.0004350789822638035,False,180.46591806411743,,
457,0.8895267181926303,0.00030584167689085007,0.00030584167689085007,0.00030584167689085007,False,180.76919031143188,,
458,0.8968492084079318,0.00025084149092435837,0.00025084149092435837,0.00025084149092435837,False,181.07421588897705,,
459,0.9142826331986321,0.0002444954589009285,0.0002444954589009285,0.0002444954589009285,False,181.37826132774353,,
460,0.8760318093829684,0.00022299308329820633,0.00022299308329820633,0.00022299308329820633,False,181.6785023212433,,
461,0.9414606889088949,0.0002514207735657692,0.0002514207735657692,0.0002514207735657692,False,181.9929337501526,,
462,0.8641692797342936,0.0003169449046254158,0.0003169449046254158,0.0003169449046254158,False,182.3162055015564,,
463,0.8757417996724447,0.00035032816231250763,0.00035032816231250763,0.00035032816231250763,False,182.61893939971924,,
464,0.895383808347914,0.00020291749387979507,0.00020291749387979507,0.00020291749387979507,False,182.9327642917633,,
465,0.8151902225282457,0.00015971064567565918,0.00015971064567565918,0.00015971064567565918,False,183.2440779209137,,
466,0.9566193289226956,0.00014273636043071747,0.00014273636043071747,0.00014273636043071747,False,183.54572987556458,,
467,0.969750894440545,0.0001686764881014824,0.0001686764881014824,0.0001686764881014824,False,183.84645342826843,,
468,0.9712472624248929,0.00012678373605012894,0.00012678373605012894,0.00012678373605012894,False,184.15170431137085,,
469,0.9309169385168288,0.00014954432845115662,0.00014954432845115662,0.00014954432845115662,False,184.46961212158203,,
470,0.8719068765640259,0.0002302723005414009,0.0002302723005414009,0.0002302723005414009,False,184.7725567817688,,
471,0.8875983291202121,0.0004622936248779297,0.0004622936248779297,0.0004622936248779297,False,185.07757687568665,,
472,0.8262830641534593,0.0006616995669901371,0.0006616995669901371,0.0006616995669901371,False,185.39549016952515,,
473,0.9150744742817349,0.0007464508526027203,0.0007464508526027203,0.0007464508526027203,False,185.7007257938385,,
474,0.892526023917728,0.0007793810218572617,0.0007793810218572617,0.0007793810218572617,False,186.01306319236755,,
475,0.9192142089207967,0.00091929966583848,0.00091929966583848,0.00091929966583848,False,186.3117401599884,,
476,0.8300330771340264,0.0009099231101572514,0.0009099231101572514,0.0009099231101572514,False,186.6108374595642,,
477,0.821695884068807,0.0008872281759977341,0.0008872281759977341,0.0008872281759977341,False,186.9116861820221,,
478,0.7974771791034274,0.0009655263274908066,0.0009655263274908066,0.0009655263274908066,False,187.22395515441895,,
479,0.8739049832026163,0.001126694492995739,0.001126694492995739,0.001126694492995739,False,187.5281422138214,,
480,0.8613430658976237,0.001314239576458931,0.001314239576458931,0.001314239576458931,False,187.82747077941895,,
481,0.9171758492787679,0.001447856891900301,0.001447856891900301,0.001447856891900301,False,188.13193345069885,,
482,0.8141062458356222,0.001545528881251812,0.001545528881251812,0.001545528881251812,False,188.4325087070465,,
483,0.9112174179818895,0.001562226563692093,0.001562226563692093,0.001562226563692093,False,188.73825120925903,,
484,0.8449101249376932,0.0015711239539086819,0.0015711239539086819,0.0015711239539086819,False,189.0386152267456,,
485,0.8842886421415541,0.001509374938905239,0.001509374938905239,0.001509374938905239,False,189.34347581863403,,
486,0.9512398971451653,0.0014722207561135292,0.0014722207561135292,0.0014722207561135292,False,189.64793992042542,,
487,0.8646834095319113,0.001480216160416603,0.001480216160416603,0.001480216160416603,False,189.9500424861908,,
488,0.8263305226961771,0.0013392334803938866,0.0013392334803938866,0.0013392334803938866,False,190.25595569610596,,
489,0.865723106596205,0.001235120464116335,0.001235120464116335,0.001235120464116335,False,190.55894494056702,,
490,0.8828582763671875,0.0012236721813678741,0.0012236721813678741,0.0012236721813678741,False,190.86885356903076,,
491,0.9054042365815904,0.0011008498258888721,0.0011008498258888721,0.0011008498258888721,False,191.1739284992218,,
492,0.8513504332966275,0.0009464025497436523,0.0009464025497436523,0.0009464025497436523,False,191.4754593372345,,
493,0.8151174982388815,0.000956057570874691,0.000956057570874691,0.000956057570874691,False,191.78253960609436,,
494,0.8847886986202664,0.0009948299266397953,0.0009948299266397953,0.0009948299266397953,False,192.08664727210999,,
495,0.7762700849109225,0.0009810002520680428,0.0009810002520680428,0.0009810002520680428,False,192.3865418434143,,
496,0.9415356980429755,0.0009589404799044132,0.0009589404799044132,0.0009589404799044132,False,192.6934187412262,,
497,0.8769641982184516,0.0009392770007252693,0.0009392770007252693,0.0009392770007252693,False,192.99649357795715,,
498,0.8893696268399557,0.0010965093970298767,0.0010965093970298767,0.0010965093970298767,False,193.2943217754364,,
499,0.84212902519438,0.0011306745000183582,0.0011306745000183582,0.0011306745000183582,False,193.5957601070404,,
500,0.8443235158920288,0.0010138503275811672,0.0010138503275811672,0.0010138503275811672,False,193.89808917045593,1.1389407495657602,0.6197916666666666
501,0.922076596154107,0.0010340241715312004,0.0010340241715312004,0.0010340241715312004,False,198.00054335594177,,
502,0.7897976040840149,0.0009396825917065144,0.0009396825917065144,0.0009396825917065144,False,198.30560517311096,,
503,0.8906334241231283,0.0009338180534541607,0.0009338180534541607,0.0009338180534541607,False,198.62618446350098,,
504,0.8714375032318963,0.0010942905209958553,0.0010942905209958553,0.0010942905209958553,False,198.94813752174377,,
505,0.9149607221285502,0.0012617595493793488,0.0012617595493793488,0.0012617595493793488,False,199.25035572052002,,
506,0.8999236755900912,0.0014077750965952873,0.0014077750965952873,0.0014077750965952873,False,199.55228567123413,,
507,0.84852225250668,0.0014217672869563103,0.0014217672869563103,0.0014217672869563103,False,199.8595733642578,,
508,0.879327568742964,0.0014869868755340576,0.0014869868755340576,0.0014869868755340576,False,200.16900277137756,,
509,0.8108041617605422,0.0014584986492991447,0.0014584986492991447,0.0014584986492991447,False,200.49017190933228,,
510,0.9007320801417033,0.001378518994897604,0.001378518994897604,0.001378518994897604,False,200.80017161369324,,
511,0.7530032727453444,0.001254950650036335,0.001254950650036335,0.001254950650036335,False,201.10052609443665,,
512,0.803753223684099,0.001170027069747448,0.001170027069747448,0.001170027069747448,False,201.41110968589783,,
513,0.9477012753486633,0.0011279694736003876,0.0011279694736003876,0.0011279694736003876,False,201.72424149513245,,
514,0.7626355687777201,0.0011066370643675327,0.0011066370643675327,0.0011066370643675327,False,202.0243103504181,,
515,0.831854846742418,0.0010656029917299747,0.0010656029917299747,0.0010656029917299747,False,202.32306003570557,,
516,0.9209979640112983,0.0010957689955830574,0.0010957689955830574,0.0010957689955830574,False,202.6197226047516,,
517,0.8724749816788567,0.001190550159662962,0.001190550159662962,0.001190550159662962,False,202.91694927215576,,
518,0.9242812991142273,0.001112024299800396,0.001112024299800396,0.001112024299800396,False,203.21276187896729,,
519,0.821108533276452,0.0010703038424253464,0.0010703038424253464,0.0010703038424253464,False,203.5081672668457,,
520,0.8433684508005778,0.0009741727262735367,0.0009741727262735367,0.0009741727262735367,False,203.80332589149475,,
521,0.8198995523982577,0.0009039491415023804,0.0009039491415023804,0.0009039491415023804,False,204.05991506576538,,
522,0.8489303920004103,0.0008697174489498138,0.0008697174489498138,0.0008697174489498138,False,204.78436040878296,,
523,0.7656313379605612,0.0007761809974908829,0.0007761809974908829,0.0007761809974908829,False,205.09160590171814,,
524,0.765290790134006,0.0008437689393758774,0.0008437689393758774,0.0008437689393758774,False,205.3896839618683,,
525,0.8007844818962945,0.0008512446656823158,0.0008512446656823158,0.0008512446656823158,False,205.69925022125244,,
526,0.8019876215193007,0.0008314410224556923,0.0008314410224556923,0.0008314410224556923,False,205.99728536605835,,
527,0.8308211300108168,0.0007664626464247704,0.0007664626464247704,0.0007664626464247704,False,206.296541929245,,
528,0.8352684577306112,0.00077766552567482,0.00077766552567482,0.00077766552567482,False,206.59705328941345,,
529,0.7877774172359042,0.0005412567406892776,0.0005412567406892776,0.0005412567406892776,False,206.90703463554382,,
530,0.7863370974858602,0.00042086001485586166,0.00042086001485586166,0.00042086001485586166,False,207.20695972442627,,
531,0.8413144283824496,0.00040236860513687134,0.00040236860513687134,0.00040236860513687134,False,207.5088701248169,,
532,0.8139669100443522,0.0005495026707649231,0.0005495026707649231,0.0005495026707649231,False,207.8065962791443,,
533,0.8036308354801602,0.0005195997655391693,0.0005195997655391693,0.0005195997655391693,False,208.1208348274231,,
534,0.8165447314580282,0.0007291939109563828,0.0007291939109563828,0.0007291939109563828,False,208.42648553848267,,
535,0.833526439136929,0.0007455814629793167,0.0007455814629793167,0.0007455814629793167,False,208.72545266151428,,
536,0.794159041510688,0.0008149780333042145,0.0008149780333042145,0.0008149780333042145,False,209.02775645256042,,
537,0.8505086368984647,0.000825059600174427,0.000825059600174427,0.000825059600174427,False,209.32649683952332,,
538,0.7815703087382846,0.0008791359141469002,0.0008791359141469002,0.0008791359141469002,False,209.62964701652527,,
539,0.8208220667309232,0.0007519377395510674,0.0007519377395510674,0.0007519377395510674,False,209.9295642375946,,
540,0.8130184147093031,0.0008666813373565674,0.0008666813373565674,0.0008666813373565674,False,210.2346408367157,,
541,0.8989628950754801,0.0008307574316859245,0.0008307574316859245,0.0008307574316859245,False,210.53995871543884,,
542,0.8224324650234647,0.0008180635049939156,0.0008180635049939156,0.0008180635049939156,False,210.83829855918884,,
543,0.7719192140632205,0.0008009541779756546,0.0008009541779756546,0.0008009541779756546,False,211.1394555568695,,
544,0.8337029814720154,0.000780758447945118,0.000780758447945118,0.000780758447945118,False,211.44169354438782,,
545,0.774395744005839,0.0008429810404777527,0.0008429810404777527,0.0008429810404777527,False,211.74021244049072,,
546,0.7158790164523654,0.0008285166695713997,0.0008285166695713997,0.0008285166695713997,False,212.0455777645111,,
547,0.9258061051368713,0.0008115647360682487,0.0008115647360682487,0.0008115647360682487,False,212.34401631355286,,
548,0.8041037652227614,0.0007406980730593204,0.0007406980730593204,0.0007406980730593204,False,212.64179229736328,,
549,0.8303426702817281,0.0006306166760623455,0.0006306166760623455,0.0006306166760623455,False,212.94087743759155,,
550,0.8376632928848267,0.0006241132505238056,0.0006241132505238056,0.0006241132505238056,False,213.247545003891,0.9319933460818396,0.6743055555555555
551,0.7350974546538459,0.0006156484596431255,0.0006156484596431255,0.0006156484596431255,False,217.40260934829712,,
552,0.8047956360710992,0.000587469432502985,0.000587469432502985,0.000587469432502985,False,217.70666098594666,,
553,0.8126666280958388,0.0007076929323375225,0.0007076929323375225,0.0007076929323375225,False,218.01877760887146,,
554,0.7415249811278449,0.0008330382406711578,0.0008330382406711578,0.0008330382406711578,False,218.3220944404602,,
555,0.8372179402245415,0.0010265209712088108,0.0010265209712088108,0.0010265209712088108,False,218.62157654762268,,
556,0.8177054458194308,0.00097309285774827,0.00097309285774827,0.00097309285774827,False,218.93213200569153,,
557,0.8027804361449348,0.0010148151777684689,0.0010148151777684689,0.0010148151777684689,False,219.2381627559662,,
558,0.822415808836619,0.0010787313804030418,0.0010787313804030418,0.0010787313804030418,False,219.53819060325623,,
559,0.753720846441057,0.0010728701017796993,0.0010728701017796993,0.0010728701017796993,False,219.8512008190155,,
560,0.7948721249898275,0.0010649003088474274,0.0010649003088474274,0.0010649003088474274,False,220.15276646614075,,
561,0.8306011623806424,0.0009449073113501072,0.0009449073113501072,0.0009449073113501072,False,220.45569467544556,,
562,0.7818752659691705,0.0009163119830191135,0.0009163119830191135,0.0009163119830191135,False,220.75910186767578,,
563,0.8468097647031149,0.000936784315854311,0.000936784315854311,0.000936784315854311,False,221.06725430488586,,
564,0.856363468699985,0.0009290771558880806,0.0009290771558880806,0.0009290771558880806,False,221.37598490715027,,
565,0.7978672517670525,0.0010368265211582184,0.0010368265211582184,0.0010368265211582184,False,221.6866102218628,,
566,0.8027032878663805,0.0009739557281136513,0.0009739557281136513,0.0009739557281136513,False,221.9875500202179,,
567,0.8195581767294142,0.0011320840567350388,0.0011320840567350388,0.0011320840567350388,False,222.2890248298645,,
568,0.8393716745906405,0.001145899761468172,0.001145899761468172,0.001145899761468172,False,222.60161566734314,,
569,0.7598261170917087,0.0011198357678949833,0.0011198357678949833,0.0011198357678949833,False,222.9018452167511,,
570,0.7256006499131521,0.0012401421554386616,0.0012401421554386616,0.0012401421554386616,False,223.20565247535706,,
571,0.7785723805427551,0.0013987724669277668,0.0013987724669277668,0.0013987724669277668,False,223.5089259147644,,
572,0.8299670550558302,0.0015667062252759933,0.0015667062252759933,0.0015667062252759933,False,223.81552243232727,,
573,0.7381628155708313,0.0016342466697096825,0.0016342466697096825,0.0016342466697096825,False,224.12411642074585,,
574,0.8249752190377977,0.0016855648718774319,0.0016855648718774319,0.0016855648718774319,False,224.4360146522522,,
575,0.8266614675521851,0.0016476176679134369,0.0016476176679134369,0.0016476176679134369,False,224.73765087127686,,
576,0.7894045776791043,0.001703502144664526,0.001703502144664526,0.001703502144664526,False,225.03966689109802,,
577,0.7855183151033189,0.0017958399839699268,0.0017958399839699268,0.0017958399839699268,False,225.34250235557556,,
578,0.6890145341555277,0.0018322658725082874,0.0018322658725082874,0.0018322658725082874,False,225.645090341568,,
579,0.8662382894092135,0.0018329373560845852,0.0018329373560845852,0.0018329373560845852,False,225.94875812530518,,
580,0.7308711674478319,0.001785243395715952,0.001785243395715952,0.001785243395715952,False,226.25385785102844,,
581,0.8092339568667941,0.00175517238676548,0.00175517238676548,0.00175517238676548,False,226.5544855594635,,
582,0.8030947579277886,0.0017252820543944836,0.0017252820543944836,0.0017252820543944836,False,226.86458110809326,,
583,0.8378213577800326,0.0016481950879096985,0.0016481950879096985,0.0016481950879096985,False,227.16376543045044,,
584,0.8299008939001296,0.0014739171601831913,0.0014739171601831913,0.0014739171601831913,False,227.4730727672577,,
585,0.7371014290385776,0.001391804777085781,0.001391804777085781,0.001391804777085781,False,227.77280807495117,,
586,0.7547125352753533,0.0013909055851399899,0.0013909055851399899,0.0013909055851399899,False,228.08003187179565,,
587,0.7920928796132406,0.0015407092869281769,0.0015407092869281769,0.0015407092869281769,False,228.37734007835388,,
588,0.7959951957066854,0.0016764746978878975,0.0016764746978878975,0.0016764746978878975,False,228.68112301826477,,
589,0.8064533140924242,0.001709743868559599,0.001709743868559599,0.001709743868559599,False,228.99105310440063,,
590,0.78171216779285,0.0017696274444460869,0.0017696274444460869,0.0017696274444460869,False,229.29431462287903,,
591,0.7705483767721388,0.0017659664154052734,0.0017659664154052734,0.0017659664154052734,False,229.60068321228027,,
592,0.8040780093934801,0.001824251376092434,0.001824251376092434,0.001824251376092434,False,229.90938925743103,,
593,0.7191839747958713,0.0019320198334753513,0.0019320198334753513,0.0019320198334753513,False,230.21700263023376,,
594,0.7818413575490316,0.001882615964859724,0.001882615964859724,0.001882615964859724,False,230.51778292655945,,
595,0.8058126237657335,0.0018944479525089264,0.0018944479525089264,0.0018944479525089264,False,230.8200957775116,,
596,0.782289081149631,0.0018937592394649982,0.0018937592394649982,0.0018937592394649982,False,231.13480162620544,,
597,0.6954988174968295,0.002036125399172306,0.002036125399172306,0.002036125399172306,False,231.44821691513062,,
598,0.761518312825097,0.0022208159789443016,0.0022208159789443016,0.0022208159789443016,False,231.75675630569458,,
599,0.7504148748185899,0.0023679276928305626,0.0023679276928305626,0.0023679276928305626,False,232.061909198761,,
600,0.7855277988645766,0.002436431124806404,0.002436431124806404,0.002436431124806404,False,232.36764526367188,0.8963519626193577,0.6945746527777777
601,0.6866811878151364,0.0024500275030732155,0.0024500275030732155,0.0024500275030732155,False,236.53105068206787,,
602,0.7818260590235392,0.002464932855218649,0.002464932855218649,0.002464932855218649,False,236.82606434822083,,
603,0.6662131879064772,0.0025202101096510887,0.0025202101096510887,0.0025202101096510887,False,237.1216914653778,,
604,0.7183600929048326,0.002608679234981537,0.002608679234981537,0.002608679234981537,False,237.4161970615387,,
605,0.6652946472167969,0.002444320358335972,0.002444320358335972,0.002444320358335972,False,237.7107481956482,,
606,0.7529321710268656,0.0023293886333703995,0.0023293886333703995,0.0023293886333703995,False,238.00564169883728,,
607,0.7137093875143263,0.0022644158452749252,0.0022644158452749252,0.0022644158452749252,False,238.30088090896606,,
608,0.6900709999932183,0.002241607755422592,0.002241607755422592,0.002241607755422592,False,238.55601382255554,,
609,0.7475081483523051,0.00220084423199296,0.00220084423199296,0.00220084423199296,False,239.2862527370453,,
610,0.6471220619148679,0.0022479440085589886,0.0022479440085589886,0.0022479440085589886,False,239.60039377212524,,
611,0.7816168136066861,0.002411277499049902,0.002411277499049902,0.002411277499049902,False,239.90998196601868,,
612,0.7808359795146518,0.002482506912201643,0.002482506912201643,0.002482506912201643,False,240.2141251564026,,
613,0.7408461040920682,0.0024882140569388866,0.0024882140569388866,0.0024882140569388866,False,240.5150351524353,,
614,0.7386817932128906,0.0024085035547614098,0.0024085035547614098,0.0024085035547614098,False,240.81469869613647,,
615,0.7696245974964566,0.002438036724925041,0.002438036724925041,0.002438036724925041,False,241.11438155174255,,
616,0.7828361060884264,0.002403135411441326,0.002403135411441326,0.002403135411441326,False,241.4130449295044,,
617,0.7269154919518365,0.0022768392227590084,0.0022768392227590084,0.0022768392227590084,False,241.71285223960876,,
618,0.7185429732004801,0.002042607869952917,0.002042607869952917,0.002042607869952917,False,242.0199534893036,,
619,0.6629514627986484,0.001975990366190672,0.001975990366190672,0.001975990366190672,False,242.32146072387695,,
620,0.7333074112733206,0.001993805170059204,0.001993805170059204,0.001993805170059204,False,242.62044525146484,,
621,0.7137840390205383,0.0019399598240852356,0.0019399598240852356,0.0019399598240852356,False,242.9260585308075,,
622,0.7775814996825324,0.0019952734000980854,0.0019952734000980854,0.0019952734000980854,False,243.23685359954834,,
623,0.8396523925993178,0.001884825062006712,0.001884825062006712,0.001884825062006712,False,243.53972578048706,,
624,0.7347027990553114,0.0018516904674470425,0.0018516904674470425,0.0018516904674470425,False,243.84371852874756,,
625,0.8414419293403625,0.001749156042933464,0.001749156042933464,0.001749156042933464,False,244.1509714126587,,
626,0.6763416098223792,0.0017656716518104076,0.0017656716518104076,0.0017656716518104076,False,244.4593484401703,,
627,0.6407123042477502,0.0016608964651823044,0.0016608964651823044,0.0016608964651823044,False,244.76374673843384,,
628,0.6996837258338928,0.0016510505229234695,0.0016510505229234695,0.0016510505229234695,False,245.0684609413147,,
629,0.735558483335707,0.0018093627877533436,0.0018093627877533436,0.0018093627877533436,False,245.37317943572998,,
630,0.7281721631685892,0.001811375841498375,0.001811375841498375,0.001811375841498375,False,245.67399835586548,,
631,0.722945319281684,0.001806329470127821,0.001806329470127821,0.001806329470127821,False,245.9779965877533,,
632,0.6208110849062601,0.0019509359262883663,0.0019509359262883663,0.0019509359262883663,False,246.28099274635315,,
633,0.7682078878084818,0.0018890122883021832,0.0018890122883021832,0.0018890122883021832,False,246.5845046043396,,
634,0.675160699420505,0.0017606052570044994,0.0017606052570044994,0.0017606052570044994,False,246.88441038131714,,
635,0.7342217167218527,0.0017754011787474155,0.0017754011787474155,0.0017754011787474155,False,247.18799304962158,,
636,0.6749046842257181,0.0018890458159148693,0.0018890458159148693,0.0018890458159148693,False,247.48676800727844,,
637,0.6850183771716224,0.0020475187338888645,0.0020475187338888645,0.0020475187338888645,False,247.79359555244446,,
638,0.7354478637377421,0.0020645204931497574,0.0020645204931497574,0.0020645204931497574,False,248.10133528709412,,
639,0.753370569811927,0.0019954019226133823,0.0019954019226133823,0.0019954019226133823,False,248.40108633041382,,
640,0.6728311777114868,0.002127361949533224,0.002127361949533224,0.002127361949533224,False,248.70756936073303,,
641,0.8037315805753072,0.001986498013138771,0.001986498013138771,0.001986498013138771,False,249.01029181480408,,
642,0.6604763666788737,0.001858274918049574,0.001858274918049574,0.001858274918049574,False,249.3158266544342,,
643,0.7700027889675565,0.0017707380466163158,0.0017707380466163158,0.0017707380466163158,False,249.6222059726715,,
644,0.7764427728123136,0.0017545809969305992,0.0017545809969305992,0.0017545809969305992,False,249.92102026939392,,
645,0.7118799686431885,0.0016685966402292252,0.0016685966402292252,0.0016685966402292252,False,250.22028279304504,,
646,0.7672463589244418,0.0015947739593684673,0.0015947739593684673,0.0015947739593684673,False,250.5203354358673,,
647,0.7082117332352532,0.0016478695906698704,0.0016478695906698704,0.0016478695906698704,False,250.8184359073639,,
648,0.6772848765055338,0.0016215932555496693,0.0016215932555496693,0.0016215932555496693,False,251.12003350257874,,
649,0.7332339154349433,0.0016331854276359081,0.0016331854276359081,0.0016331854276359081,False,251.42159414291382,,
650,0.6449295878410339,0.0017292732372879982,0.0017292732372879982,0.0017292732372879982,False,251.72887063026428,0.9152859217590756,0.6908420138888889
651,0.6948604120148553,0.0016582454554736614,0.0016582454554736614,0.0016582454554736614,False,255.81203055381775,,
652,0.6069753699832492,0.001692105084657669,0.001692105084657669,0.001692105084657669,False,256.11621832847595,,
653,0.6492439607779185,0.001727068331092596,0.001727068331092596,0.001727068331092596,False,256.417542219162,,
654,0.8104266921679179,0.001876944676041603,0.001876944676041603,0.001876944676041603,False,256.7200458049774,,
655,0.7503427531984117,0.0017328904941678047,0.0017328904941678047,0.0017328904941678047,False,257.0200877189636,,
656,0.7818949023882548,0.0016445820219814777,0.0016445820219814777,0.0016445820219814777,False,257.3293707370758,,
657,0.7839201622539096,0.0016999817453324795,0.0016999817453324795,0.0016999817453324795,False,257.6341037750244,,
658,0.6493331326378716,0.0017165490426123142,0.0017165490426123142,0.0017165490426123142,False,257.94969272613525,,
659,0.8362922536002265,0.0016427570953965187,0.0016427570953965187,0.0016427570953965187,False,258.25626969337463,,
660,0.742248879538642,0.0016924194060266018,0.0016924194060266018,0.0016924194060266018,False,258.55702471733093,,
661,0.7542993691232469,0.0017543747089803219,0.0017543747089803219,0.0017543747089803219,False,258.86778020858765,,
662,0.6842790577146742,0.0017671645618975163,0.0017671645618975163,0.0017671645618975163,False,259.1735246181488,,
663,0.7147128184636434,0.001805074978619814,0.001805074978619814,0.001805074978619814,False,259.4768121242523,,
664,0.7746108637915717,0.0019260356202721596,0.0019260356202721596,0.0019260356202721596,False,259.7888162136078,,
665,0.6654934220843844,0.0019397023133933544,0.0019397023133933544,0.0019397023133933544,False,260.09511709213257,,
666,0.6829150915145874,0.001949163619428873,0.001949163619428873,0.001949163619428873,False,260.40041756629944,,
667,0.6539793511231741,0.001940988004207611,0.001940988004207611,0.001940988004207611,False,260.70324969291687,,
668,0.7829871839947171,0.0020354161970317364,0.0020354161970317364,0.0020354161970317364,False,261.00596857070923,,
669,0.7260725895563761,0.002003316767513752,0.002003316767513752,0.002003316767513752,False,261.30508971214294,,
670,0.6761079364352756,0.0020063803531229496,0.0020063803531229496,0.0020063803531229496,False,261.606812953949,,
671,0.7456389864285787,0.001998972613364458,0.001998972613364458,0.001998972613364458,False,261.91230297088623,,
672,0.7253356311056349,0.0020898794755339622,0.0020898794755339622,0.0020898794755339622,False,262.2267391681671,,
673,0.750910653008355,0.0021782713010907173,0.0021782713010907173,0.0021782713010907173,False,262.53968930244446,,
674,0.7206609381569756,0.0022301049903035164,0.0022301049903035164,0.0022301049903035164,False,262.84444189071655,,
675,0.6920427415106032,0.002177073620259762,0.002177073620259762,0.002177073620259762,False,263.1462445259094,,
676,0.6824975079960294,0.0020960127003490925,0.0020960127003490925,0.0020960127003490925,False,263.45350646972656,,
677,0.668729305267334,0.002035867888480425,0.002035867888480425,0.002035867888480425,False,263.75788736343384,,
678,0.7000365323490567,0.0020453953184187412,0.0020453953184187412,0.0020453953184187412,False,264.0623621940613,,
679,0.641228457291921,0.002069185022264719,0.002069185022264719,0.002069185022264719,False,264.36325883865356,,
680,0.6663051181369357,0.0020486577413976192,0.0020486577413976192,0.0020486577413976192,False,264.67028617858887,,
681,0.6686288019021353,0.0020530368201434612,0.0020530368201434612,0.0020530368201434612,False,264.9728388786316,,
682,0.6250094539589353,0.0020359670743346214,0.0020359670743346214,0.0020359670743346214,False,265.27551889419556,,
683,0.6515013244416978,0.0020570317283272743,0.0020570317283272743,0.0020570317283272743,False,265.57771706581116,,
684,0.7319151295555962,0.0021322104148566723,0.0021322104148566723,0.0021322104148566723,False,265.8813042640686,,
685,0.6805378397305807,0.002273710910230875,0.002273710910230875,0.002273710910230875,False,266.1829402446747,,
686,0.7254895170529684,0.0023339265026152134,0.0023339265026152134,0.0023339265026152134,False,266.4902184009552,,
687,0.6168759067853292,0.0023420159704983234,0.0023420159704983234,0.0023420159704983234,False,266.79883790016174,,
688,0.7520643207761977,0.0022241072729229927,0.0022241072729229927,0.0022241072729229927,False,267.0943253040314,,
689,0.6841967834366692,0.0022611632011830807,0.0022611632011830807,0.0022611632011830807,False,267.38958978652954,,
690,0.7146523462401496,0.0021189874969422817,0.0021189874969422817,0.0021189874969422817,False,267.68568301200867,,
691,0.6581750909487406,0.0019901562482118607,0.0019901562482118607,0.0019901562482118607,False,267.98256850242615,,
692,0.725091556708018,0.0018140296451747417,0.0018140296451747417,0.0018140296451747417,False,268.27958583831787,,
693,0.7033806906806098,0.0017586457543075085,0.0017586457543075085,0.0017586457543075085,False,268.57578897476196,,
694,0.6596018307738833,0.001688352320343256,0.001688352320343256,0.001688352320343256,False,268.8723816871643,,
695,0.6576694978608025,0.001686521340161562,0.001686521340161562,0.001686521340161562,False,269.1292006969452,,
696,0.7288360628816817,0.0016928864642977715,0.0016928864642977715,0.0016928864642977715,False,269.8014476299286,,
697,0.6262161599265205,0.0017590592615306377,0.0017590592615306377,0.0017590592615306377,False,270.1054651737213,,
698,0.5979274312655131,0.0017898273654282093,0.0017898273654282093,0.0017898273654282093,False,270.405056476593,,
699,0.6549218694368998,0.0017551626078784466,0.0017551626078784466,0.0017551626078784466,False,270.7138922214508,,
700,0.6584304637379117,0.0017370516434311867,0.0017370516434311867,0.0017370516434311867,False,271.01523423194885,0.818281994263331,0.7284288194444444
701,0.6344666812154982,0.001683678012341261,0.001683678012341261,0.001683678012341261,False,275.11456632614136,,
702,0.7042987048625946,0.0017006504349410534,0.0017006504349410534,0.0017006504349410534,False,275.4171099662781,,
703,0.6599893040127225,0.00163731025531888,0.00163731025531888,0.00163731025531888,False,275.7292573451996,,
704,0.6885947320196364,0.0017124386504292488,0.0017124386504292488,0.0017124386504292488,False,276.0307412147522,,
705,0.6052978535493215,0.0017436947673559189,0.0017436947673559189,0.0017436947673559189,False,276.32883167266846,,
706,0.7278358373377058,0.0016701724380254745,0.0016701724380254745,0.0016701724380254745,False,276.631103515625,,
707,0.635927591058943,0.0016865013167262077,0.0016865013167262077,0.0016865013167262077,False,276.93033504486084,,
708,0.7015400065316094,0.0018024463206529617,0.0018024463206529617,0.0018024463206529617,False,277.23229002952576,,
709,0.676156395011478,0.001806874293833971,0.001806874293833971,0.001806874293833971,False,277.53028297424316,,
710,0.7389828893873427,0.0017960644327104092,0.0017960644327104092,0.0017960644327104092,False,277.84389901161194,,
711,0.6110679441028171,0.001836470328271389,0.001836470328271389,0.001836470328271389,False,278.1439731121063,,
712,0.672920866145028,0.0019455901347100735,0.0019455901347100735,0.0019455901347100735,False,278.456107378006,,
713,0.6623726354704963,0.001892233733087778,0.001892233733087778,0.001892233733087778,False,278.7594482898712,,
714,0.6369505723317465,0.0019882270134985447,0.0019882270134985447,0.0019882270134985447,False,279.05858182907104,,
715,0.6686132715808021,0.0021363720297813416,0.0021363720297813416,0.0021363720297813416,False,279.37164068222046,,
716,0.6637285815344917,0.0021951994858682156,0.0021951994858682156,0.0021951994858682156,False,279.6712791919708,,
717,0.6121580137146844,0.0022446061484515667,0.0022446061484515667,0.0022446061484515667,False,279.97214365005493,,
718,0.6958713995085822,0.0022972566075623035,0.0022972566075623035,0.0022972566075623035,False,280.28903436660767,,
719,0.6430901421440972,0.00231383228674531,0.00231383228674531,0.00231383228674531,False,280.5905179977417,,
720,0.5783173044522604,0.0024688090197741985,0.0024688090197741985,0.0024688090197741985,False,280.8903594017029,,
721,0.6999320122930739,0.002548827789723873,0.002548827789723873,0.002548827789723873,False,281.19387102127075,,
722,0.6627688672807481,0.0024673822335898876,0.0024673822335898876,0.0024673822335898876,False,281.5055179595947,,
723,0.7001185549630059,0.0024204542860388756,0.0024204542860388756,0.0024204542860388756,False,281.80849862098694,,
724,0.6666861540741391,0.002457777038216591,0.002457777038216591,0.002457777038216591,False,282.1183171272278,,
725,0.6959793700112237,0.0024164803326129913,0.0024164803326129913,0.0024164803326129913,False,282.4233362674713,,
726,0.6808109680811564,0.0023496034555137157,0.0023496034555137157,0.0023496034555137157,False,282.72497177124023,,
727,0.6538703507847257,0.0022849380038678646,0.0022849380038678646,0.0022849380038678646,False,283.03270053863525,,
728,0.7444018257988824,0.002323966473340988,0.002323966473340988,0.002323966473340988,False,283.33976769447327,,
729,0.6827426917023129,0.00231603579595685,0.00231603579595685,0.00231603579595685,False,283.6567327976227,,
730,0.6558616525597043,0.0022141500376164913,0.0022141500376164913,0.0022141500376164913,False,283.9602313041687,,
731,0.6686325503720177,0.002114485949277878,0.002114485949277878,0.002114485949277878,False,284.2690677642822,,
732,0.619647761185964,0.0019790646620094776,0.0019790646620094776,0.0019790646620094776,False,284.5889437198639,,
733,0.7024374935362074,0.001876134891062975,0.001876134891062975,0.001876134891062975,False,284.8862614631653,,
734,0.6349042620923784,0.001903594471514225,0.001903594471514225,0.001903594471514225,False,285.19604301452637,,
735,0.6576854454146491,0.0019954009912908077,0.0019954009912908077,0.0019954009912908077,False,285.5092751979828,,
736,0.6571868260701498,0.0020482311956584454,0.0020482311956584454,0.0020482311956584454,False,285.8122582435608,,
737,0.6413513554467095,0.0021541444584727287,0.0021541444584727287,0.0021541444584727287,False,286.1230700016022,,
738,0.6927418212095896,0.0022242958657443523,0.0022242958657443523,0.0022242958657443523,False,286.4284746646881,,
739,0.670555035273234,0.0022004712373018265,0.0022004712373018265,0.0022004712373018265,False,286.7330985069275,,
740,0.6973532636960348,0.002072430681437254,0.002072430681437254,0.002072430681437254,False,287.03595066070557,,
741,0.6003426214059194,0.0020505296997725964,0.0020505296997725964,0.0020505296997725964,False,287.34324407577515,,
742,0.6235154039329953,0.0020092250779271126,0.0020092250779271126,0.0020092250779271126,False,287.6456620693207,,
743,0.6060961352454292,0.0020257062278687954,0.0020257062278687954,0.0020257062278687954,False,287.95336055755615,,
744,0.6327013605170779,0.0020120805129408836,0.0020120805129408836,0.0020120805129408836,False,288.2634930610657,,
745,0.7258727749188741,0.0020411410368978977,0.0020411410368978977,0.0020411410368978977,False,288.5635144710541,,
746,0.6753589378462898,0.0019790264777839184,0.0019790264777839184,0.0019790264777839184,False,288.86530685424805,,
747,0.6723266111479865,0.001833808608353138,0.001833808608353138,0.001833808608353138,False,289.1649305820465,,
748,0.6617253190941281,0.001891070045530796,0.001891070045530796,0.001891070045530796,False,289.4678602218628,,
749,0.5906339751349555,0.001971012447029352,0.001971012447029352,0.001971012447029352,False,289.7838532924652,,
750,0.5455093681812286,0.001818173099309206,0.001818173099309206,0.001818173099309206,False,290.0841736793518,0.8818109598424699,0.7140190972222222
751,0.6066444946659936,0.0017671529203653336,0.0017671529203653336,0.0017671529203653336,False,294.19838976860046,,
752,0.6336858405007256,0.0018418668769299984,0.0018418668769299984,0.0018418668769299984,False,294.51199865341187,,
753,0.5962162779437171,0.0019526001997292042,0.0019526001997292042,0.0019526001997292042,False,294.8119225502014,,
754,0.5452269746197594,0.0019689402543008327,0.0019689402543008327,0.0019689402543008327,False,295.1146993637085,,
755,0.6525631646315256,0.0018351245671510696,0.0018351245671510696,0.0018351245671510696,False,295.4136598110199,,
756,0.6322178906864591,0.0017774314619600773,0.0017774314619600773,0.0017774314619600773,False,295.71708250045776,,
757,0.5106571945879195,0.00170875433832407,0.00170875433832407,0.00170875433832407,False,296.0270314216614,,
758,0.6939006050427755,0.0015198569744825363,0.0015198569744825363,0.0015198569744825363,False,296.3301889896393,,
759,0.6463815702332391,0.0012882216833531857,0.0012882216833531857,0.0012882216833531857,False,296.6330261230469,,
760,0.7159388595157199,0.0011773775331676006,0.0011773775331676006,0.0011773775331676006,False,296.94288086891174,,
761,0.6165538198418088,0.0010594381019473076,0.0010594381019473076,0.0010594381019473076,False,297.249130487442,,
762,0.6085744367705451,0.0010429429821670055,0.0010429429821670055,0.0010429429821670055,False,297.54813981056213,,
763,0.6222073435783386,0.0010947571136057377,0.0010947571136057377,0.0010947571136057377,False,297.8481786251068,,
764,0.6309430499871572,0.0011358060874044895,0.0011358060874044895,0.0011358060874044895,False,298.14802408218384,,
765,0.6351391474405924,0.0013986090198159218,0.0013986090198159218,0.0013986090198159218,False,298.4512162208557,,
766,0.6514153016938103,0.0015039904974400997,0.0015039904974400997,0.0015039904974400997,False,298.7563784122467,,
767,0.6114282144440545,0.0014358717016875744,0.0014358717016875744,0.0014358717016875744,False,299.06515741348267,,
768,0.6222344173325433,0.0014006909914314747,0.0014006909914314747,0.0014006909914314747,False,299.3646671772003,,
769,0.595454043812222,0.0013639358803629875,0.0013639358803629875,0.0013639358803629875,False,299.6717014312744,,
770,0.6238444348176321,0.001325889490544796,0.001325889490544796,0.001325889490544796,False,299.984797000885,,
771,0.6024098230732812,0.001293029636144638,0.001293029636144638,0.001293029636144638,False,300.28491020202637,,
772,0.6398683918846978,0.0011434881016612053,0.0011434881016612053,0.0011434881016612053,False,300.59213304519653,,
773,0.5900564591089884,0.0011398186907172203,0.0011398186907172203,0.0011398186907172203,False,300.8977315425873,,
774,0.5978851450814141,0.0010711834765970707,0.0010711834765970707,0.0010711834765970707,False,301.21031403541565,,
775,0.7188186513053046,0.0012402045540511608,0.0012402045540511608,0.0012402045540511608,False,301.5106670856476,,
776,0.5709310074647268,0.0012527978979051113,0.0012527978979051113,0.0012527978979051113,False,301.808007478714,,
777,0.6208516690466139,0.0013213139027357101,0.0013213139027357101,0.0013213139027357101,False,302.103235244751,,
778,0.5883855919043223,0.0012615150772035122,0.0012615150772035122,0.0012615150772035122,False,302.3984570503235,,
779,0.5997162030802833,0.0012935148552060127,0.0012935148552060127,0.0012935148552060127,False,302.69354128837585,,
780,0.5946496592627631,0.0014097481034696102,0.0014097481034696102,0.0014097481034696102,False,302.99194288253784,,
781,0.6968241102165647,0.0014677634462714195,0.0014677634462714195,0.0014677634462714195,False,303.28676867485046,,
782,0.6825245751274956,0.0013484074734151363,0.0013484074734151363,0.0013484074734151363,False,303.5416669845581,,
783,0.5591439339849684,0.0013301055878400803,0.0013301055878400803,0.0013301055878400803,False,304.25780272483826,,
784,0.634445435471005,0.0013847863301634789,0.0013847863301634789,0.0013847863301634789,False,304.5598449707031,,
785,0.5855810576015048,0.001247065607458353,0.001247065607458353,0.001247065607458353,False,304.86022186279297,,
786,0.5343176126480103,0.0011112536303699017,0.0011112536303699017,0.0011112536303699017,False,305.1647937297821,,
787,0.6366632415188683,0.000933205708861351,0.000933205708861351,0.000933205708861351,False,305.4648027420044,,
788,0.5762200984689925,0.0008930363692343235,0.0008930363692343235,0.0008930363692343235,False,305.7625641822815,,
789,0.6074676579899259,0.0008089202456176281,0.0008089202456176281,0.0008089202456176281,False,306.0612235069275,,
790,0.5884552035066817,0.0007193270139396191,0.0007193270139396191,0.0007193270139396191,False,306.35962772369385,,
791,0.6100375784767998,0.0007221288979053497,0.0007221288979053497,0.0007221288979053497,False,306.65941977500916,,
792,0.6313995983865526,0.0007557841017842293,0.0007557841017842293,0.0007557841017842293,False,306.967059135437,,
793,0.5825608670711517,0.0007287305779755116,0.0007287305779755116,0.0007287305779755116,False,307.2689530849457,,
794,0.5955299834410349,0.000805647112429142,0.000805647112429142,0.000805647112429142,False,307.5781853199005,,
795,0.6198815802733103,0.0009316354990005493,0.0009316354990005493,0.0009316354990005493,False,307.8804135322571,,
796,0.6516770654254489,0.0010952036827802658,0.0010952036827802658,0.0010952036827802658,False,308.1871130466461,,
797,0.6265780561500125,0.001205245964229107,0.001205245964229107,0.001205245964229107,False,308.493022441864,,
798,0.5915098653899299,0.0013702819123864174,0.0013702819123864174,0.0013702819123864174,False,308.79941844940186,,
799,0.5379185146755643,0.001554212998598814,0.001554212998598814,0.001554212998598814,False,309.1074731349945,,
800,0.5792996088663737,0.001644036266952753,0.001644036266952753,0.001644036266952753,False,309.41294622421265,0.7826544940471649,0.7393229166666667
801,0.5416368577215407,0.0018265540711581707,0.0018265540711581707,0.0018265540711581707,False,313.5282254219055,,
802,0.6420852674378289,0.0019503496587276459,0.0019503496587276459,0.0019503496587276459,False,313.83006620407104,,
803,0.564542873038186,0.001908465288579464,0.001908465288579464,0.001908465288579464,False,314.1289482116699,,
804,0.6276966333389282,0.001955786719918251,0.001955786719918251,0.001955786719918251,False,314.43253445625305,,
805,0.6709018448988596,0.0017790398560464382,0.0017790398560464382,0.0017790398560464382,False,314.74076414108276,,
806,0.5480429596371121,0.0016080783680081367,0.0016080783680081367,0.0016080783680081367,False,315.0470345020294,,
807,0.4971356325679355,0.0015186639502644539,0.0015186639502644539,0.0015186639502644539,False,315.348801612854,,
808,0.5983984106116824,0.001421106979250908,0.001421106979250908,0.001421106979250908,False,315.65122151374817,,
809,0.540081090397305,0.0013054502196609974,0.0013054502196609974,0.0013054502196609974,False,315.9525475502014,,
810,0.5620861318376329,0.0012938156723976135,0.0012938156723976135,0.0012938156723976135,False,316.2568459510803,,
811,0.6209912829928927,0.001379882451146841,0.001379882451146841,0.001379882451146841,False,316.5601041316986,,
812,0.6444165176815457,0.0014033871702849865,0.0014033871702849865,0.0014033871702849865,False,316.8633508682251,,
813,0.5431108309162987,0.001410463359206915,0.001410463359206915,0.001410463359206915,False,317.1669707298279,,
814,0.5662172817521625,0.0012851543724536896,0.0012851543724536896,0.0012851543724536896,False,317.4684188365936,,
815,0.5686363081137339,0.0011125393211841583,0.0011125393211841583,0.0011125393211841583,False,317.77330684661865,,
816,0.6757281157705519,0.0012043802998960018,0.0012043802998960018,0.0012043802998960018,False,318.09629106521606,,
817,0.6361169417699178,0.001139090396463871,0.001139090396463871,0.001139090396463871,False,318.3988416194916,,
818,0.6140405999289619,0.001087868120521307,0.001087868120521307,0.001087868120521307,False,318.6989827156067,,
819,0.6611721316973368,0.0012288931757211685,0.0012288931757211685,0.0012288931757211685,False,319.001677274704,,
820,0.6820558309555054,0.0012459633871912956,0.0012459633871912956,0.0012459633871912956,False,319.3074367046356,,
821,0.6334210799800025,0.0011993953958153725,0.0011993953958153725,0.0011993953958153725,False,319.6049897670746,,
822,0.5334416263633304,0.0011901119723916054,0.0011901119723916054,0.0011901119723916054,False,319.90736627578735,,
823,0.646243734492196,0.0012602517381310463,0.0012602517381310463,0.0012602517381310463,False,320.2162115573883,,
824,0.5792806214756436,0.0013203206472098827,0.0013203206472098827,0.0013203206472098827,False,320.52176451683044,,
825,0.6222797532876333,0.0012934128753840923,0.0012934128753840923,0.0012934128753840923,False,320.82121419906616,,
826,0.5727591050995721,0.00123638566583395,0.00123638566583395,0.00123638566583395,False,321.1298508644104,,
827,0.6426919665601518,0.0010881144553422928,0.0010881144553422928,0.0010881144553422928,False,321.43788480758667,,
828,0.5396485560470157,0.0010189656168222427,0.0010189656168222427,0.0010189656168222427,False,321.7499506473541,,
829,0.5429691109392378,0.0009617917239665985,0.0009617917239665985,0.0009617917239665985,False,322.0517563819885,,
830,0.648054407702552,0.0008376394398510456,0.0008376394398510456,0.0008376394398510456,False,322.35741925239563,,
831,0.6359903050793542,0.0007292395457625389,0.0007292395457625389,0.0007292395457625389,False,322.66299533843994,,
832,0.5803497234980265,0.0006504561752080917,0.0006504561752080917,0.0006504561752080917,False,322.97379326820374,,
833,0.6039505037996504,0.0005265455693006516,0.0005265455693006516,0.0005265455693006516,False,323.280526638031,,
834,0.6426909135447608,0.0006006993353366852,0.0006006993353366852,0.0006006993353366852,False,323.5855712890625,,
835,0.586823026339213,0.0005242638289928436,0.0005242638289928436,0.0005242638289928436,False,323.8936593532562,,
836,0.5925357374880049,0.00042539648711681366,0.00042539648711681366,0.00042539648711681366,False,324.1918976306915,,
837,0.6220234996742673,0.0004458017647266388,0.0004458017647266388,0.0004458017647266388,False,324.49640941619873,,
838,0.6342625518639883,0.00042301975190639496,0.00042301975190639496,0.00042301975190639496,False,324.79863929748535,,
839,0.5899007121721903,0.00040968600660562515,0.00040968600660562515,0.00040968600660562515,False,325.099636554718,,
840,0.6136019031206766,0.0005177725106477737,0.0005177725106477737,0.0005177725106477737,False,325.40520548820496,,
841,0.6194298797183566,0.0004460355266928673,0.0004460355266928673,0.0004460355266928673,False,325.70354986190796,,
842,0.635733405749003,0.00025087594985961914,0.00025087594985961914,0.00025087594985961914,False,326.0057165622711,,
843,0.6010102795230018,6.750877946615219e-05,6.750877946615219e-05,6.750877946615219e-05,True,326.3210799694061,1.0157458040449354,0.6626736111111112
844,0.6009275383419461,0.9998875856399536,0.9998875856399536,6.750877946615219e-05,False,330.4219660758972,,
845,0.5938041475084093,0.3413831293582916,0.3413831293582916,6.750877946615219e-05,False,330.7329921722412,,
846,0.6329958207077451,0.2275376319885254,0.2275376319885254,6.750877946615219e-05,False,331.0390212535858,,
847,0.590856048795912,0.19431594014167786,0.19431594014167786,6.750877946615219e-05,False,331.34626746177673,,
848,0.6052684552139707,0.17834046483039856,0.17834046483039856,6.750877946615219e-05,False,331.6569354534149,,
849,0.6421880953841739,0.16787949204444885,0.16787949204444885,6.750877946615219e-05,False,331.96791434288025,,
850,0.6482968065473769,0.1597680300474167,0.1597680300474167,6.750877946615219e-05,False,332.27890968322754,0.7662725600931378,0.7386284722222223
851,0.64453125,0.15321850776672363,0.15321850776672363,6.750877946615219e-05,False,336.3736596107483,,
852,0.5177931951151954,0.14770711958408356,0.14770711958408356,6.750877946615219e-05,False,336.6882963180542,,
853,0.5587761567698585,0.14300063252449036,0.14300063252449036,6.750877946615219e-05,False,337.01149559020996,,
854,0.5405903624163734,0.138929083943367,0.138929083943367,6.750877946615219e-05,False,337.3179154396057,,
855,0.5986877845393287,0.13544580340385437,0.13544580340385437,6.750877946615219e-05,False,337.63136529922485,,
856,0.5720549192693498,0.13234485685825348,0.13234485685825348,6.750877946615219e-05,False,337.9378454685211,,
857,0.5552471578121185,0.12969449162483215,0.12969449162483215,6.750877946615219e-05,False,338.2504312992096,,
858,0.5946142243014442,0.12719514966011047,0.12719514966011047,6.750877946615219e-05,False,338.5626549720764,,
859,0.5873779058456421,0.12496675550937653,0.12496675550937653,6.750877946615219e-05,False,338.8703980445862,,
860,0.5795394016636742,0.12312018126249313,0.12312018126249313,6.750877946615219e-05,False,339.17945432662964,,
861,0.6620319022072686,0.1214028000831604,0.1214028000831604,6.750877946615219e-05,False,339.4943816661835,0.7970992618136935,0.7395399305555556
